"model","elpd_loo","p_loo","looic","estimate_(Intercept)","conf.low_(Intercept)","conf.high_(Intercept)","estimate_DO","conf.low_DO","conf.high_DO","estimate_polyDO21","estimate_polyDO22","conf.low_polyDO21","conf.low_polyDO22","conf.high_polyDO21","conf.high_polyDO22","estimate_polyDO31","estimate_polyDO32","estimate_polyDO33","conf.low_polyDO31","conf.low_polyDO32","conf.low_polyDO33","conf.high_polyDO31","conf.high_polyDO32","conf.high_polyDO33","r2","r2_error","r2_q2.5","r2_q97.5","id","model_type"
"a_0_24nov_1_lm_0",41.9493938393229,5.88689846747225,-83.8987876786458,0.134919400961601,0.110513876337556,0.159485382615707,NA,NA,NA,NA,NA,NA,NA,NA,NA,NA,NA,NA,NA,NA,NA,NA,NA,NA,0,0,0,0,"a_0_24nov_1","lm_0"
"a_0_24nov_1_lm_1",45.004289970299,6.92247829599057,-90.008579940598,0.0614710383611369,0.00535976859672028,0.116020766566368,0.000997878375821533,0.000330881178028669,0.00170129602669452,NA,NA,NA,NA,NA,NA,NA,NA,NA,NA,NA,NA,NA,NA,NA,0.186532875053701,0.093804482602839,0.0220198961368894,0.372956694803995,"a_0_24nov_1","lm_1"
"a_0_24nov_1_lm_2",44.9541574889948,7.28344627958157,-89.9083149779896,0.13452143034908,0.11166867558505,0.15842552724208,NA,NA,NA,0.216167587760688,0.0833664735382379,0.073633629001996,-0.0620557360256422,0.353705145303064,0.236035884504775,NA,NA,NA,NA,NA,NA,NA,NA,NA,0.228888377295845,0.0908452858653313,0.0546065300917905,0.397603389319019,"a_0_24nov_1","lm_2"
"a_0_24nov_1_lm_3",43.8729074704662,8.10554281480214,-87.7458149409325,0.134835949447566,0.112104912371824,0.158083044837691,NA,NA,NA,NA,NA,NA,NA,NA,NA,0.216661682159913,0.0834456241965294,-0.0415851917488061,0.0613096692109974,-0.0606307519707346,-0.193491030811882,0.361973787928914,0.232029196970965,0.10751956576459,0.245973899392862,0.0923719927227665,0.0606724372391978,0.417141029654942,"a_0_24nov_1","lm_3"
"a_0_24nov_3_lm_0",36.9166356353568,3.3071244570534,-73.8332712707135,0.136761405699662,0.106833590438147,0.167369133760962,NA,NA,NA,NA,NA,NA,NA,NA,NA,NA,NA,NA,NA,NA,NA,NA,NA,NA,0,0,0,0,"a_0_24nov_3","lm_0"
"a_0_24nov_3_lm_1",42.2653978656004,4.0968902028766,-84.5307957312009,0.0413414359098761,-0.0170372989639918,0.0986883700313007,0.00135790203644923,0.000601334131696815,0.00209395598461097,NA,NA,NA,NA,NA,NA,NA,NA,NA,NA,NA,NA,NA,NA,NA,0.253929544212399,0.0974864192560144,0.0578996310584337,0.428218047013794,"a_0_24nov_3","lm_1"
"a_0_24nov_3_lm_2",41.9498126344368,4.71437335142981,-83.8996252688736,0.136439241981052,0.109949318938511,0.162846212046615,NA,NA,NA,0.319995168985585,-0.0825010944991723,0.153906906586163,-0.257973105919826,0.48856885924794,0.0901661255507388,NA,NA,NA,NA,NA,NA,NA,NA,NA,0.27943234466065,0.0918163799068062,0.0908583681876565,0.444052842577031,"a_0_24nov_3","lm_2"
"a_0_24nov_3_lm_3",40.4104557681528,6.31341411553407,-80.8209115363056,0.136473107102544,0.109944385114241,0.162968601471688,NA,NA,NA,NA,NA,NA,NA,NA,NA,0.318520626258188,-0.0818997044598764,-0.0496456681613047,0.147040699750229,-0.254565672989554,-0.224744338458877,0.497432686390932,0.100123373864124,0.122661630044851,0.291203317279234,0.0918272847231182,0.106974772898645,0.451421613450049,"a_0_24nov_3","lm_3"
"a_0_24nov_4_lm_0",40.3558068616789,2.94566503799174,-80.7116137233578,0.153244922909009,0.125405732009546,0.180857646718192,NA,NA,NA,NA,NA,NA,NA,NA,NA,NA,NA,NA,NA,NA,NA,NA,NA,NA,0,0,0,0,"a_0_24nov_4","lm_0"
"a_0_24nov_4_lm_1",45.3259645350508,3.38285174552841,-90.6519290701016,0.0640056776006416,0.00667792730180882,0.119935323030417,0.00122998554374572,0.000545433463372716,0.00195563948685693,NA,NA,NA,NA,NA,NA,NA,NA,NA,NA,NA,NA,NA,NA,NA,0.239234563617027,0.0974028628276937,0.0539768090358215,0.421337336473703,"a_0_24nov_4","lm_1"
"a_0_24nov_4_lm_2",45.1325675724679,3.71763817534508,-90.2651351449358,0.153254710334813,0.128808223795951,0.177397969762739,NA,NA,NA,0.268228825930893,-0.0741361440561879,0.109967990418505,-0.225574942304136,0.421606155456052,0.0866896589268351,NA,NA,NA,NA,NA,NA,NA,NA,NA,0.268829947251348,0.0966803853333587,0.0717429848695253,0.439049304231049,"a_0_24nov_4","lm_2"
"a_0_24nov_4_lm_3",51.8124684384182,5.09273894373005,-103.624936876836,0.15277537374242,0.133608476304244,0.172004935563684,NA,NA,NA,NA,NA,NA,NA,NA,NA,0.268259055788238,-0.0762315319626594,-0.267727278996685,0.139788466942015,-0.207250732119578,-0.394585925363498,0.399617138445717,0.0498817233241621,-0.135776965329866,0.494900614349414,0.0794844600543654,0.308318486504516,0.617146619699474,"a_0_24nov_4","lm_3"
"a_0_25nov_1_lm_0",52.9854087960136,1.49637604048883,-105.970817592027,0.0819532888802825,0.0656500189190589,0.0984542663162197,NA,NA,NA,NA,NA,NA,NA,NA,NA,NA,NA,NA,NA,NA,NA,NA,NA,NA,0,0,0,0,"a_0_25nov_1","lm_0"
"a_0_25nov_1_lm_1",63.6247043071714,4.08605682400129,-127.249408614343,0.0285728619326484,0.00758211039270592,0.0490156783740923,0.000880736341920367,0.000580769488114813,0.00117292146163728,NA,NA,NA,NA,NA,NA,NA,NA,NA,NA,NA,NA,NA,NA,NA,0.536606987061465,0.087834846471835,0.320058144142904,0.658398147356331,"a_0_25nov_1","lm_1"
"a_0_25nov_1_lm_2",61.6076715129651,6.27075629291547,-123.21534302593,0.0821600088886502,0.0711247033255736,0.0932044427802164,NA,NA,NA,0.183280897912503,0.00338802499054627,0.119876422368078,-0.0611171284970211,0.244540224790596,0.0649006118140271,NA,NA,NA,NA,NA,NA,NA,NA,NA,0.535491303166984,0.0862559987827194,0.322520571377632,0.655725747477623,"a_0_25nov_1","lm_2"
"a_0_25nov_1_lm_3",59.216172041932,8.50245599869203,-118.432344083864,0.0823374834629167,0.0707929069581167,0.0933967167364965,NA,NA,NA,NA,NA,NA,NA,NA,NA,0.182512780800583,0.00310389842003029,0.015221601168372,0.117122078444973,-0.0627937151855162,-0.0516094965138035,0.249387174353398,0.0687087084024012,0.0808037957332594,0.534527257591523,0.0876974581542691,0.324706875803702,0.659538861941962,"a_0_25nov_1","lm_3"
"a_0_25nov_4_lm_0",47.7958329889921,2.93525969652749,-95.5916659779843,0.106241854048455,0.0855317899450344,0.125843036304579,NA,NA,NA,NA,NA,NA,NA,NA,NA,NA,NA,NA,NA,NA,NA,NA,NA,NA,0,0,0,0,"a_0_25nov_4","lm_0"
"a_0_25nov_4_lm_1",51.8965705710514,4.21098650133414,-103.793141142103,0.056796341061073,0.0220297217456248,0.0908077585654169,0.000846583123318328,0.000345978833835609,0.00135627646540505,NA,NA,NA,NA,NA,NA,NA,NA,NA,NA,NA,NA,NA,NA,NA,0.253055591092677,0.102620325715731,0.0489806592017066,0.441309323409583,"a_0_25nov_4","lm_1"
"a_0_25nov_4_lm_2",50.6757639906435,5.16922757538467,-101.351527981287,0.106308533910801,0.0879709053063421,0.125216509679164,NA,NA,NA,0.182092087749948,0.0150413163050244,0.0718872943955625,-0.0984366889264178,0.290831150554394,0.125900111689587,NA,NA,NA,NA,NA,NA,NA,NA,NA,0.268376209064284,0.099758311845836,0.0637547606535381,0.447088097018229,"a_0_25nov_4","lm_2"
"a_0_25nov_4_lm_3",50.1939455520347,5.30509517257898,-100.387891104069,0.106576337382224,0.0875998079686544,0.125657797339971,NA,NA,NA,NA,NA,NA,NA,NA,NA,0.180861388429514,0.015456323552078,0.0300050202077254,0.0716426510245196,-0.0979070256867228,-0.08435546796755,0.292042105081414,0.130043429106855,0.140324782691382,0.281852306669657,0.096690811473546,0.0888544573689494,0.45556852031995,"a_0_25nov_4","lm_3"
"a_0_26nov_1_lm_0",22.3102868984917,1.47218959677046,-44.6205737969835,0.233557685620159,0.193193492974402,0.274124343843014,NA,NA,NA,NA,NA,NA,NA,NA,NA,NA,NA,NA,NA,NA,NA,NA,NA,NA,0,0,0,0,"a_0_26nov_1","lm_0"
"a_0_26nov_1_lm_1",21.6524684656988,2.54298603553463,-43.3049369313975,0.188589127320364,0.0889561155379082,0.289523612829629,0.000666495659756698,-0.000709761039440157,0.00207007402693736,NA,NA,NA,NA,NA,NA,NA,NA,NA,NA,NA,NA,NA,NA,NA,0.0691134418020076,0.0721880001672742,0.000111710899544668,0.257959579422937,"a_0_26nov_1","lm_1"
"a_0_26nov_1_lm_2",26.1945476480507,3.15548027548609,-52.3890952961014,0.23360749439328,0.199256860148468,0.266122903020997,NA,NA,NA,0.102214447229203,-0.289004095440579,-0.0763066744300874,-0.468100606064137,0.271102731893592,-0.111623235818187,NA,NA,NA,NA,NA,NA,NA,NA,NA,0.351594094009893,0.116305096450183,0.0923807986931493,0.53758561188204,"a_0_26nov_1","lm_2"
"a_0_26nov_1_lm_3",25.9924991141479,3.57127064950233,-51.9849982282958,0.233266436154613,0.200218248416661,0.266909369090836,NA,NA,NA,NA,NA,NA,NA,NA,NA,0.101608409772587,-0.290851185625458,-0.0907286393291772,-0.065226961548106,-0.466513957287391,-0.273196815243715,0.276037534557143,-0.1202973242446,0.0836597484818712,0.38777673533756,0.108641545075537,0.14038714052029,0.560933604286241,"a_0_26nov_1","lm_3"
"a_0_26nov_4_lm_0",19.2704151308127,1.33109889951384,-38.5408302616253,0.316332064679019,0.268458457710749,0.361536933634271,NA,NA,NA,NA,NA,NA,NA,NA,NA,NA,NA,NA,NA,NA,NA,NA,NA,NA,0,0,0,0,"a_0_26nov_4","lm_0"
"a_0_26nov_4_lm_1",35.2656715794214,3.52891649239082,-70.5313431588428,0.120193641852389,0.0632272689867507,0.178858488154294,0.00318138053443117,0.00233927589053941,0.0040100655246437,NA,NA,NA,NA,NA,NA,NA,NA,NA,NA,NA,NA,NA,NA,NA,0.683418093606078,0.0635320163151066,0.518778661241337,0.760408059570671,"a_0_26nov_4","lm_1"
"a_0_26nov_4_lm_2",36.031639095336,4.69457395563505,-72.0632781906719,0.31620871503387,0.29138095611013,0.340388906707856,NA,NA,NA,0.547345432967215,-0.128391295232472,0.412384263810791,-0.258538149641646,0.680799477776044,0.00772612942527722,NA,NA,NA,NA,NA,NA,NA,NA,NA,0.71706829112797,0.0555930067133429,0.575794683474259,0.783166098336094,"a_0_26nov_4","lm_2"
"a_0_26nov_4_lm_3",34.6079205492625,5.79044391956885,-69.215841098525,0.316761099398681,0.291039951243893,0.342020470805785,NA,NA,NA,NA,NA,NA,NA,NA,NA,0.548736089798223,-0.127693726986172,0.00300351719112706,0.406885044521401,-0.266138086003427,-0.134606168026678,0.68389349889421,0.0112411624134433,0.139275820810732,0.711846536581291,0.0592492668110723,0.561607577638836,0.781465781699059,"a_0_26nov_4","lm_3"
"a_0_27nov_4_lm_0",46.3179471827953,3.01080416481913,-92.6358943655905,0.134819659587597,0.119343328441795,0.149463349373142,NA,NA,NA,NA,NA,NA,NA,NA,NA,NA,NA,NA,NA,NA,NA,NA,NA,NA,0,0,0,0,"a_0_27nov_4","lm_0"
"a_0_27nov_4_lm_1",45.5200847833934,3.47063290675014,-91.0401695667868,0.138776052659059,0.103344134426788,0.175519204238772,-6.24508865842509e-05,-0.000552330426993114,0.000413046909192712,NA,NA,NA,NA,NA,NA,NA,NA,NA,NA,NA,NA,NA,NA,NA,0.0402790747679211,0.0489802607710495,3.23663925271038e-05,0.177439788780104,"a_0_27nov_4","lm_1"
"a_0_27nov_4_lm_2",51.1341118736251,3.8392226621473,-102.26822374725,0.134766834731323,0.122945233830459,0.147348234860383,NA,NA,NA,-0.0117155840657778,-0.115299399934808,-0.0774990076501823,-0.178040416053243,0.0520909615544724,-0.0529048270069157,NA,NA,NA,NA,NA,NA,NA,NA,NA,0.380711280168381,0.113469199002319,0.128391640852024,0.557418573316419,"a_0_27nov_4","lm_2"
"a_0_27nov_4_lm_3",49.274450532864,5.60309485967677,-98.548901065728,0.13472205961546,0.122135709765699,0.147823593504191,NA,NA,NA,NA,NA,NA,NA,NA,NA,-0.0110386134003873,-0.114890645001554,-0.00190988171655913,-0.0739839467480674,-0.181290516066421,-0.0681444644044565,0.0550105232932618,-0.0476193125734148,0.0622096007554193,0.38450939139033,0.112056895414126,0.134656120053311,0.560580576511784,"a_0_27nov_4","lm_3"
"a_9_21nov_1_lm_0",55.206792567357,2.85851880388303,-110.413585134714,0.134602355228788,0.123161393456313,0.14599104568379,NA,NA,NA,NA,NA,NA,NA,NA,NA,NA,NA,NA,NA,NA,NA,NA,NA,NA,0,0,0,0,"a_9_21nov_1","lm_0"
"a_9_21nov_1_lm_1",55.8424632517733,3.57257778892643,-111.684926503547,0.110343136240697,0.0804934490839648,0.139723127242185,0.000314234312755433,-4.3134986535954e-05,0.000668263561208774,NA,NA,NA,NA,NA,NA,NA,NA,NA,NA,NA,NA,NA,NA,NA,0.130609821531271,0.0964594848479587,0.000821352157085298,0.338476505393784,"a_9_21nov_1","lm_1"
"a_9_21nov_1_lm_2",54.6217163989785,4.44225676766996,-109.243432797957,0.134600217000704,0.123650689927168,0.146017285538616,NA,NA,NA,0.0491443796799494,-0.00660934474185686,-0.0152653343722755,-0.068157614944057,0.107810103626244,0.0533561873192379,NA,NA,NA,NA,NA,NA,NA,NA,NA,0.155966585301176,0.0956845746205428,0.00850927953562407,0.353502998206822,"a_9_21nov_1","lm_2"
"a_9_21nov_1_lm_3",53.1717392837516,5.74086443759078,-106.343478567503,0.134620337608789,0.123344715042249,0.145472730782171,NA,NA,NA,NA,NA,NA,NA,NA,NA,0.0496269422284134,-0.00806067297346218,-0.0155264684690014,-0.0109582720190934,-0.070086436694337,-0.0754356102850068,0.11056703068083,0.0524102443213147,0.0465842432225088,0.188084806030759,0.09725876019068,0.0227886613235588,0.379944438842012,"a_9_21nov_1","lm_3"
"a_9_21nov_3_lm_0",49.9415875125678,2.64973187912914,-99.8831750251355,0.158638392024994,0.139235013145598,0.177115852286608,NA,NA,NA,NA,NA,NA,NA,NA,NA,NA,NA,NA,NA,NA,NA,NA,NA,NA,0,0,0,0,"a_9_21nov_3","lm_0"
"a_9_21nov_3_lm_1",57.6840890508504,3.80718988808135,-115.368178101701,0.0918413108182233,0.0589848524216261,0.125457281067945,0.00096684483397656,0.000536653057684232,0.00138576084703868,NA,NA,NA,NA,NA,NA,NA,NA,NA,NA,NA,NA,NA,NA,NA,0.400306097966693,0.10429850943878,0.160801477810285,0.561068830739437,"a_9_21nov_3","lm_1"
"a_9_21nov_3_lm_2",58.5788565599549,4.47709868953273,-117.15771311991,0.158750006378135,0.144625644441729,0.173174440346516,NA,NA,NA,0.193680383707703,0.0755348946080946,0.108717175080486,-0.00387510907333423,0.274259455555955,0.156963601588547,NA,NA,NA,NA,NA,NA,NA,NA,NA,0.461669285947006,0.0953498447500748,0.231021698650854,0.602476072341193,"a_9_21nov_3","lm_2"
"a_9_21nov_3_lm_3",57.791056507728,4.95333601208433,-115.582113015456,0.158553355104288,0.144511248414046,0.172500971299588,NA,NA,NA,NA,NA,NA,NA,NA,NA,0.193949783445941,0.0745174714759256,0.0163985355608365,0.111370107999481,-0.00783971318058165,-0.0649784344658152,0.274948988791642,0.154789205221422,0.0975683457884203,0.465675978447036,0.0928838055944676,0.247240882466473,0.603998143190237,"a_9_21nov_3","lm_3"
"a_9_22nov_1_lm_0",50.4467432361683,3.88115536701155,-100.893486472337,0.132629041422774,0.117062881692745,0.147979237338664,NA,NA,NA,NA,NA,NA,NA,NA,NA,NA,NA,NA,NA,NA,NA,NA,NA,NA,0,0,0,0,"a_9_22nov_1","lm_0"
"a_9_22nov_1_lm_1",52.8008104120817,4.47352837595775,-105.601620824163,0.0872785399027093,0.0495351107946257,0.126513591335961,0.000620217196172785,0.000123771613631696,0.00109603491771817,NA,NA,NA,NA,NA,NA,NA,NA,NA,NA,NA,NA,NA,NA,NA,0.197538775025106,0.10723031855516,0.00928382622273989,0.398587464905164,"a_9_22nov_1","lm_1"
"a_9_22nov_1_lm_2",52.4474058375692,4.39491951455778,-104.894811675138,0.132476119213148,0.118265126455509,0.146784289801787,NA,NA,NA,0.0963410205698187,-0.00108537791001992,0.0186059724222603,-0.078070087832819,0.175387867027749,0.0760401366755267,NA,NA,NA,NA,NA,NA,NA,NA,NA,0.211941562219644,0.10268193103738,0.0251849483403197,0.410029754815757,"a_9_22nov_1","lm_2"
"a_9_22nov_1_lm_3",51.2510231241748,5.44867726912669,-102.50204624835,0.132432617493351,0.117729526443116,0.146174220053903,NA,NA,NA,NA,NA,NA,NA,NA,NA,0.0972518916120205,-0.000705978013052569,-0.0304883727325195,0.0159285593186843,-0.0765640733028631,-0.113134572647323,0.177842166680746,0.0789959962261173,0.0480877204696627,0.245405058089195,0.1042301938427,0.0471403624507876,0.437396964942377,"a_9_22nov_1","lm_3"
"a_9_22nov_3_lm_0",61.9783259086946,2.29324706818401,-123.956651817389,0.137712379075855,0.123120908171144,0.152164101866233,NA,NA,NA,NA,NA,NA,NA,NA,NA,NA,NA,NA,NA,NA,NA,NA,NA,NA,0,0,0,0,"a_9_22nov_3","lm_0"
"a_9_22nov_3_lm_1",60.5931762872252,3.94780139114143,-121.18635257445,0.126048750298175,0.0793509149815631,0.171797978230222,0.000153571701761433,-0.000421952660361144,0.000745991524088061,NA,NA,NA,NA,NA,NA,NA,NA,NA,NA,NA,NA,NA,NA,NA,0.0341673954589787,0.042460755836401,3.12130722629728e-05,0.153277112730733,"a_9_22nov_3","lm_1"
"a_9_22nov_3_lm_2",60.8280624025385,5.07041332284969,-121.656124805077,0.137798350806777,0.123076874473525,0.152546689144312,NA,NA,NA,0.0240150021076892,0.0697089932632676,-0.0639607153918992,-0.0159117598873579,0.112104667973313,0.157113647798694,NA,NA,NA,NA,NA,NA,NA,NA,NA,0.115085723650741,0.0774065448231511,0.0052391665958527,0.284989852603584,"a_9_22nov_3","lm_2"
"a_9_22nov_3_lm_3",59.0961496478625,6.71602081630899,-118.192299295725,0.137870115086594,0.123164849560428,0.152037549633666,NA,NA,NA,NA,NA,NA,NA,NA,NA,0.0245891619524349,0.0704675074928394,-0.0110763537371682,-0.0628580062386372,-0.0165396991894222,-0.101182979635492,0.112136427901386,0.155216098474009,0.0781754853956842,0.136946793079466,0.0757928499631592,0.0158276768245064,0.300033763529051,"a_9_22nov_3","lm_3"
"a_9_22nov_4_lm_0",54.6528708245269,2.73878566513732,-109.305741649054,0.142027421872424,0.124651998373459,0.159612326899774,NA,NA,NA,NA,NA,NA,NA,NA,NA,NA,NA,NA,NA,NA,NA,NA,NA,NA,0,0,0,0,"a_9_22nov_4","lm_0"
"a_9_22nov_4_lm_1",62.8012796612817,3.56953229790738,-125.602559322563,0.0710398415668281,0.036169048338282,0.10530021047658,0.0010117786647695,0.000552955801260811,0.00146414343288583,NA,NA,NA,NA,NA,NA,NA,NA,NA,NA,NA,NA,NA,NA,NA,0.388704115203965,0.105081874993098,0.150032026410014,0.55362250710761,"a_9_22nov_4","lm_1"
"a_9_22nov_4_lm_2",62.8758127041542,3.89713290376154,-125.751625408308,0.141822025303435,0.128462968529394,0.15478474761851,NA,NA,NA,0.187788289720891,0.0449122022880439,0.110536673499242,-0.037575913844449,0.269943158180586,0.126068771776072,NA,NA,NA,NA,NA,NA,NA,NA,NA,0.41601958082627,0.0963469598404833,0.197878810679409,0.568149604647782,"a_9_22nov_4","lm_2"
"a_9_22nov_4_lm_3",62.0637906457919,4.35400205229755,-124.127581291584,0.141764114862735,0.128399636958641,0.155084094111403,NA,NA,NA,NA,NA,NA,NA,NA,NA,0.187808289885986,0.0458075885868044,-0.0121054793531668,0.104983720465907,-0.0376716892958029,-0.0943213322425691,0.273069983151629,0.127294220041304,0.066865606236179,0.420936474213773,0.0959753915051596,0.203025672372484,0.570628431498901,"a_9_22nov_4","lm_3"
"b_0_24nov_1_lm_0",54.8658547683028,2.05465728524258,-109.731709536606,0.134921777248945,0.11664423266919,0.152992510666728,NA,NA,NA,NA,NA,NA,NA,NA,NA,NA,NA,NA,NA,NA,NA,NA,NA,NA,0,0,0,0,"b_0_24nov_1","lm_0"
"b_0_24nov_1_lm_1",59.5689296923347,2.63954309308152,-119.137859384669,0.07222761875679,0.0331309526577535,0.111584718712006,0.0008336600828764,0.000351820579605511,0.00130820685749533,NA,NA,NA,NA,NA,NA,NA,NA,NA,NA,NA,NA,NA,NA,NA,0.241216178826151,0.0980172836837804,0.0492052817090853,0.419506303816807,"b_0_24nov_1","lm_1"
"b_0_24nov_1_lm_2",64.5338949829977,3.72026594901303,-129.067789965995,0.134789488860978,0.120397817059482,0.148761837293448,NA,NA,NA,0.174859328358089,-0.157977697291019,0.0883646182162602,-0.243405497237765,0.267492055617136,-0.0719526219181078,NA,NA,NA,NA,NA,NA,NA,NA,NA,0.441900487164519,0.0890675143556271,0.236261789370039,0.579165890124239,"b_0_24nov_1","lm_2"
"b_0_24nov_1_lm_3",63.8823207576383,4.84070603842138,-127.764641515277,0.134841637504074,0.12057458311403,0.148930336680206,NA,NA,NA,NA,NA,NA,NA,NA,NA,0.175486819972007,-0.159600823931753,0.0525118475907906,0.0839418377464713,-0.248130289144887,-0.0347446987928125,0.263204811680428,-0.0668091919352346,0.140946125755114,0.466542087998262,0.0872579272772051,0.261613134158364,0.599753140323064,"b_0_24nov_1","lm_3"
"b_0_24nov_2_lm_0",61.6217194864884,1.92337644738502,-123.243438972977,0.184023958230543,0.170115770382273,0.197861188715435,NA,NA,NA,NA,NA,NA,NA,NA,NA,NA,NA,NA,NA,NA,NA,NA,NA,NA,0,0,0,0,"b_0_24nov_2","lm_0"
"b_0_24nov_2_lm_1",82.8781160169173,2.87065775925435,-165.756232033835,0.0987664826985474,0.0775015371553307,0.119349081008077,0.00110422716180307,0.000852907733965025,0.00135747929216006,NA,NA,NA,NA,NA,NA,NA,NA,NA,NA,NA,NA,NA,NA,NA,0.700100820796276,0.0522995996595983,0.566076454070788,0.767580120308151,"b_0_24nov_2","lm_1"
"b_0_24nov_2_lm_2",84.7470568393078,3.63837835590138,-169.494113678616,0.183941622650728,0.176653682245451,0.191425139513179,NA,NA,NA,0.208770435482529,-0.0506024309881198,0.1637172898312,-0.0959397847217728,0.252903250788036,-0.00453207188457204,NA,NA,NA,NA,NA,NA,NA,NA,NA,0.741077412273571,0.0438755849636501,0.628416751283962,0.795912901619938,"b_0_24nov_2","lm_2"
"b_0_24nov_2_lm_3",84.0060423339603,4.49309212033157,-168.012084667921,0.183899963435177,0.17672771805479,0.191109294798089,NA,NA,NA,NA,NA,NA,NA,NA,NA,0.20885226174251,-0.051442786645344,-0.0194447285698973,0.16238784192795,-0.0969240170003411,-0.0643193097345426,0.254976154905283,-0.00602866203433645,0.0239125022122277,0.743287749698697,0.0447735372870505,0.622442081743342,0.798577211276487,"b_0_24nov_2","lm_3"
"b_0_24nov_3_lm_0",79.9028833906916,1.62598376154597,-159.805766781383,0.108345981295351,0.0994249951478125,0.117957841560639,NA,NA,NA,NA,NA,NA,NA,NA,NA,NA,NA,NA,NA,NA,NA,NA,NA,NA,0,0,0,0,"b_0_24nov_3","lm_0"
"b_0_24nov_3_lm_1",93.6723870418566,3.00593800503375,-187.344774083713,0.0636847178029054,0.0478963161977432,0.0788213557465871,0.000600893161724981,0.000409834016506907,0.000793379952056625,NA,NA,NA,NA,NA,NA,NA,NA,NA,NA,NA,NA,NA,NA,NA,0.542635108542744,0.0807960639329777,0.342216232996354,0.659468750209154,"b_0_24nov_3","lm_1"
"b_0_24nov_3_lm_2",95.2596363604563,3.76217563257223,-190.519272720913,0.108267297031678,0.10251496453154,0.113945662406325,NA,NA,NA,0.119915865424972,0.0394672313699687,0.0850010003971574,0.00310695995930635,0.156362413835718,0.0751666253132,NA,NA,NA,NA,NA,NA,NA,NA,NA,0.599494519659243,0.0693669410174766,0.430050158326447,0.696755903373828,"b_0_24nov_3","lm_2"
"b_0_24nov_3_lm_3",94.499206220047,4.4081203685103,-188.998412440094,0.108276100926708,0.102358608554563,0.114122495272861,NA,NA,NA,NA,NA,NA,NA,NA,NA,0.11976957614995,0.0392860178016225,-0.0123566818337396,0.0836333740448446,0.00405539282639763,-0.0458406120798674,0.154753915861162,0.0743523334728406,0.0217446244080196,0.601995171884131,0.0695862526644139,0.431387242156971,0.698286366995152,"b_0_24nov_3","lm_3"
"b_0_24nov_4_lm_0",48.3110446284852,3.10726118551719,-96.6220892569705,0.147112777184051,0.125066818952559,0.169177901160048,NA,NA,NA,NA,NA,NA,NA,NA,NA,NA,NA,NA,NA,NA,NA,NA,NA,NA,0,0,0,0,"b_0_24nov_4","lm_0"
"b_0_24nov_4_lm_1",49.3886900664424,3.35701660880534,-98.7773801328849,0.101834299127283,0.0486097566318874,0.154556789209302,0.000600624426488285,-4.04859234844233e-05,0.00124392876704941,NA,NA,NA,NA,NA,NA,NA,NA,NA,NA,NA,NA,NA,NA,NA,0.100644157465135,0.0764496579004978,0.000788594204703288,0.271297436670215,"b_0_24nov_4","lm_1"
"b_0_24nov_4_lm_2",48.8635115298323,3.95937945191964,-97.7270230596646,0.146752684115429,0.125541814871235,0.167778777577651,NA,NA,NA,0.127482774548358,0.0517235139907613,-0.00284017535145365,-0.0811383368344617,0.261823581296462,0.187179163882713,NA,NA,NA,NA,NA,NA,NA,NA,NA,0.131341549666934,0.0786923384493093,0.00937297512021429,0.295964807116943,"b_0_24nov_4","lm_2"
"b_0_24nov_4_lm_3",47.9211511363661,4.47185787661076,-95.8423022727323,0.14659089839851,0.124806582855902,0.169379233198809,NA,NA,NA,NA,NA,NA,NA,NA,NA,0.125955567026139,0.0505897262470302,-0.0149644681045462,-0.0143294444564672,-0.0925603955108124,-0.151385854732961,0.261613890299659,0.193390512414977,0.123653960987741,0.148172785963837,0.0781909878834914,0.0200390881428759,0.31120645917647,"b_0_24nov_4","lm_3"
"b_0_25nov_1_lm_0",55.1819046846217,1.92722496596008,-110.363809369243,0.100791804386067,0.0850599031182511,0.11630927412532,NA,NA,NA,NA,NA,NA,NA,NA,NA,NA,NA,NA,NA,NA,NA,NA,NA,NA,0,0,0,0,"b_0_25nov_1","lm_0"
"b_0_25nov_1_lm_1",72.5433294933857,3.18002343423426,-145.086658986771,0.0382930247545483,0.0200421820595657,0.0567834951721225,0.000998206610900499,0.000737959691587851,0.0012595367897907,NA,NA,NA,NA,NA,NA,NA,NA,NA,NA,NA,NA,NA,NA,NA,0.662897686752394,0.0643271656737959,0.501010278992558,0.744402349696148,"b_0_25nov_1","lm_1"
"b_0_25nov_1_lm_2",71.2954909293275,4.2523369030282,-142.590981858655,0.10071235192412,0.0916060131030541,0.109791218434586,NA,NA,NA,0.201472625794086,-0.00134809387047474,0.150051334114949,-0.053207960020103,0.253689007050582,0.0526522097682086,NA,NA,NA,NA,NA,NA,NA,NA,NA,0.659371036353659,0.0636408281352931,0.504993872583674,0.740532293615948,"b_0_25nov_1","lm_2"
"b_0_25nov_1_lm_3",73.9710001101106,4.64448145703997,-147.942000220221,0.100647631303467,0.0919179011538619,0.109087730610422,NA,NA,NA,NA,NA,NA,NA,NA,NA,0.201197066482732,-0.00161511770462505,0.0621102007000549,0.151986518366043,-0.0503577482907607,0.0152187143466076,0.24903970636915,0.0466445860547124,0.108881914974233,0.719443145899946,0.0503492115156566,0.591521887482682,0.782702267962455,"b_0_25nov_1","lm_3"
"b_0_25nov_2_lm_0",56.7254145234675,2.68914941567072,-113.450829046935,0.106193933748046,0.0905850176920111,0.121767962657135,NA,NA,NA,NA,NA,NA,NA,NA,NA,NA,NA,NA,NA,NA,NA,NA,NA,NA,0,0,0,0,"b_0_25nov_2","lm_0"
"b_0_25nov_2_lm_1",66.2452484130247,4.12214872988523,-132.490496826049,0.056359230145371,0.0340298419260842,0.0787069109163258,0.000855976186025457,0.000522654225418959,0.00117696022565113,NA,NA,NA,NA,NA,NA,NA,NA,NA,NA,NA,NA,NA,NA,NA,0.451219581039012,0.0956945738250961,0.222903654709318,0.594562591476539,"b_0_25nov_2","lm_1"
"b_0_25nov_2_lm_2",65.6396680363108,4.22261398920921,-131.279336072622,0.106326392731035,0.0942975573219172,0.118571770418888,NA,NA,NA,0.179799429694963,0.00864684319865245,0.110518312620315,-0.0632530497072341,0.250344601752666,0.0787954737044569,NA,NA,NA,NA,NA,NA,NA,NA,NA,0.454095323205901,0.0944706645409825,0.234360272112246,0.595834287673808,"b_0_25nov_2","lm_2"
"b_0_25nov_2_lm_3",65.0042832952128,4.41253051510622,-130.008566590426,0.106324627397626,0.0944905405624381,0.117956000652607,NA,NA,NA,NA,NA,NA,NA,NA,NA,0.179641391394268,0.0073163979306997,-0.00621774108372681,0.106872754335287,-0.0652177751984973,-0.0752281631683323,0.253304515746119,0.078937532490978,0.0646165620177104,0.455671934734551,0.0917821023058736,0.233541451487141,0.597986459228567,"b_0_25nov_2","lm_3"
"b_0_25nov_3_lm_0",33.017662803286,1.44446683998058,-66.0353256065719,0.180733610555977,0.152649648319142,0.208840880613685,NA,NA,NA,NA,NA,NA,NA,NA,NA,NA,NA,NA,NA,NA,NA,NA,NA,NA,0,0,0,0,"b_0_25nov_3","lm_0"
"b_0_25nov_3_lm_1",48.201462484577,2.55691232300822,-96.402924969154,0.0723460870612128,0.039450632727869,0.105568355147698,0.00164361409395394,0.00119259525074282,0.00208421489354742,NA,NA,NA,NA,NA,NA,NA,NA,NA,NA,NA,NA,NA,NA,NA,0.673670991883832,0.0666981193855315,0.49983021077068,0.754959953998039,"b_0_25nov_3","lm_1"
"b_0_25nov_3_lm_2",49.0174489355402,3.17481155230062,-98.0348978710803,0.180903750715553,0.166553929363833,0.195685457822936,NA,NA,NA,0.306028973325438,-0.0723876333441876,0.226144389110801,-0.154362666210749,0.383493703377743,0.0101773188167578,NA,NA,NA,NA,NA,NA,NA,NA,NA,0.708116803405359,0.0580683545917038,0.555235267379218,0.778235733749711,"b_0_25nov_3","lm_2"
"b_0_25nov_3_lm_3",47.9930337978612,3.87802068635108,-95.9860675957225,0.180903588757524,0.165601397928239,0.196094051358661,NA,NA,NA,NA,NA,NA,NA,NA,NA,0.305698806675048,-0.0717034113666006,-0.0168441021120992,0.225255714291542,-0.151897530955946,-0.10021492925165,0.388269071468511,0.00552099147817339,0.0666741468256273,0.703615357763147,0.0613473429126028,0.553481671412724,0.77800273430939,"b_0_25nov_3","lm_3"
"b_0_25nov_4_lm_0",46.7022495769382,1.38663280661902,-93.4044991538763,0.0695938321975868,0.0485329897569953,0.0901066027030617,NA,NA,NA,NA,NA,NA,NA,NA,NA,NA,NA,NA,NA,NA,NA,NA,NA,NA,0,0,0,0,"b_0_25nov_4","lm_0"
"b_0_25nov_4_lm_1",63.7369657383431,2.67639259068951,-127.473931476686,-0.0164258216067781,-0.0430285915010112,0.00959399107417361,0.00140096290469732,0.00102890632908784,0.00176899859976679,NA,NA,NA,NA,NA,NA,NA,NA,NA,NA,NA,NA,NA,NA,NA,0.647753165136644,0.0655141867516695,0.481501120116544,0.732760419526026,"b_0_25nov_4","lm_1"
"b_0_25nov_4_lm_2",68.9236175151119,3.54909087021709,-137.847235030224,0.069506785150082,0.0595697355979855,0.0793630261202561,NA,NA,NA,0.2755274889767,0.108724013741706,0.21326384567674,0.0485295768503782,0.337727485411076,0.168216231115974,NA,NA,NA,NA,NA,NA,NA,NA,NA,0.749653778630721,0.0428175401931248,0.642542704227954,0.802360406722883,"b_0_25nov_4","lm_2"
"b_0_25nov_4_lm_3",68.0511213482982,4.28418624173891,-136.102242696596,0.0694588531484836,0.0584951471466315,0.0802758457702029,NA,NA,NA,NA,NA,NA,NA,NA,NA,0.275034297162116,0.107599504928321,0.0238974616047307,0.212863768039009,0.0450322040801337,-0.037028599524455,0.337559919458265,0.171527556343755,0.0848978203835598,0.748698165878692,0.0439999689843072,0.638904072734555,0.803793853965089,"b_0_25nov_4","lm_3"
"b_0_26nov_1_lm_0",41.7795689362872,1.94106970367847,-83.5591378725743,0.122660360424841,0.0991304464598851,0.145941896308742,NA,NA,NA,NA,NA,NA,NA,NA,NA,NA,NA,NA,NA,NA,NA,NA,NA,NA,0,0,0,0,"b_0_26nov_1","lm_0"
"b_0_26nov_1_lm_1",46.446229105017,2.51084964359431,-92.892458210034,0.0551186257926284,0.00952713070175133,0.101463877536514,0.00107416285675051,0.000411077356520391,0.00169545498683959,NA,NA,NA,NA,NA,NA,NA,NA,NA,NA,NA,NA,NA,NA,NA,0.27771373683134,0.111359930645863,0.0481304919765784,0.466389709830423,"b_0_26nov_1","lm_1"
"b_0_26nov_1_lm_2",53.4455473655182,3.47912296920087,-106.891094731036,0.122459685018237,0.106888526377437,0.138403056356956,NA,NA,NA,0.19677189131652,-0.195303644712891,0.0996298242196018,-0.287445448755927,0.287871325693261,-0.101349573502508,NA,NA,NA,NA,NA,NA,NA,NA,NA,0.54884810973276,0.0839656570390065,0.338854125135286,0.667018508220545,"b_0_26nov_1","lm_2"
"b_0_26nov_1_lm_3",55.4082919356037,4.74430653551602,-110.816583871207,0.122340694048784,0.1073083986988,0.137437124010695,NA,NA,NA,NA,NA,NA,NA,NA,NA,0.195437979712572,-0.195074305207761,-0.105893555907919,0.109500805597485,-0.279403352135732,-0.188721684284455,0.282052454970181,-0.106637285649298,-0.02083030050551,0.624080216409366,0.0713373466872215,0.447671787337836,0.717887226897097,"b_0_26nov_1","lm_3"
"b_0_26nov_2_lm_0",20.410570789316,1.45957231603067,-40.8211415786319,0.196411619627666,0.156958773249773,0.234622048588679,NA,NA,NA,NA,NA,NA,NA,NA,NA,NA,NA,NA,NA,NA,NA,NA,NA,NA,0,0,0,0,"b_0_26nov_2","lm_0"
"b_0_26nov_2_lm_1",19.5189009673315,2.49532920813711,-39.037801934663,0.230679015588466,0.130522216556605,0.331016580888628,-0.000485953398109498,-0.0017802395154271,0.000848667930176323,NA,NA,NA,NA,NA,NA,NA,NA,NA,NA,NA,NA,NA,NA,NA,0.0720708267381815,0.0767540388959188,0.000154433757215804,0.272148712415371,"b_0_26nov_2","lm_1"
"b_0_26nov_2_lm_2",45.926027489463,5.68852898203098,-91.852054978926,0.196302752204435,0.185911247108056,0.20664560653108,NA,NA,NA,-0.0694643849715725,-0.365166594151797,-0.115369989634763,-0.414830780649072,-0.0243675599481629,-0.315299958404765,NA,NA,NA,NA,NA,NA,NA,NA,NA,0.932675503047136,0.0132659383915208,0.896060749869944,0.943763305308289,"b_0_26nov_2","lm_2"
"b_0_26nov_2_lm_3",51.5747482557643,7.67077394686827,-103.149496511529,0.196302706540465,0.188867818928515,0.203757300514982,NA,NA,NA,NA,NA,NA,NA,NA,NA,-0.0695819974117874,-0.365785290287242,-0.0681545570946355,-0.103844397420201,-0.400271416210447,-0.100851851795018,-0.0342988992624996,-0.332588519766368,-0.034500681241307,0.966537040252771,0.00629883731360493,0.950217079054879,0.972607673570641,"b_0_26nov_2","lm_3"
"b_0_26nov_3_lm_0",61.6387355861678,1.80898680520298,-123.277471172336,0.130809241730829,0.119816421616037,0.142038457575144,NA,NA,NA,NA,NA,NA,NA,NA,NA,NA,NA,NA,NA,NA,NA,NA,NA,NA,0,0,0,0,"b_0_26nov_3","lm_0"
"b_0_26nov_3_lm_1",76.5902120313537,2.98669280780407,-153.180424062707,0.0783895172811772,0.0623744776822622,0.0939709032264486,0.000803517367537937,0.000578622176616825,0.00103165649289687,NA,NA,NA,NA,NA,NA,NA,NA,NA,NA,NA,NA,NA,NA,NA,0.645426787440107,0.0692363272941008,0.467709848548428,0.73486418398222,"b_0_26nov_3","lm_1"
"b_0_26nov_3_lm_2",76.7829489329443,3.75438855955811,-153.565897865889,0.130880403637745,0.124378810176102,0.137383759095509,NA,NA,NA,0.128488665923502,0.0268047084168998,0.092352724818566,-0.00951623728048071,0.162987784022174,0.0609646116204017,NA,NA,NA,NA,NA,NA,NA,NA,NA,0.667478995428635,0.0672602242100736,0.492400168602655,0.749382818962212,"b_0_26nov_3","lm_2"
"b_0_26nov_3_lm_3",76.7186184057567,4.19703154408314,-153.437236811513,0.130730309759296,0.124129464047884,0.137285570820289,NA,NA,NA,NA,NA,NA,NA,NA,NA,0.128992043419802,0.0267614188688697,0.0215109546767425,0.0933550899328829,-0.0104420468434105,-0.0129924425801815,0.165750890412484,0.0625796986284024,0.0575151854751236,0.682758215062498,0.0624578974972636,0.525900170576186,0.761723176672891,"b_0_26nov_3","lm_3"
"b_0_27nov_2_lm_0",64.5368123041252,3.08240226555775,-129.07362460825,0.0991482955961355,0.0903824829775606,0.107834920546962,NA,NA,NA,NA,NA,NA,NA,NA,NA,NA,NA,NA,NA,NA,NA,NA,NA,NA,0,0,0,0,"b_0_27nov_2","lm_0"
"b_0_27nov_2_lm_1",65.5011264623497,3.70161270441538,-131.002252924699,0.0839183282626653,0.0650047502412911,0.102415152884393,0.000234887717255093,-1.45542147862104e-05,0.000492158643165254,NA,NA,NA,NA,NA,NA,NA,NA,NA,NA,NA,NA,NA,NA,NA,0.136213770457964,0.0973692831846287,0.00171490098631606,0.347843734325137,"b_0_27nov_2","lm_1"
"b_0_27nov_2_lm_2",64.8458587718181,3.91548367818541,-129.691717543636,0.0990762686981521,0.0907140119785509,0.107661962139711,NA,NA,NA,0.0399926980782879,-0.00593985419663457,-0.00418127841026498,-0.0515360260410377,0.084171477895782,0.039379741821883,NA,NA,NA,NA,NA,NA,NA,NA,NA,0.159715021491129,0.0963272651517514,0.00900837016763284,0.356567345878113,"b_0_27nov_2","lm_2"
"b_0_27nov_2_lm_3",63.9351704785971,4.43794573447104,-127.870340957194,0.099121124568859,0.0904249887234862,0.108146417989998,NA,NA,NA,NA,NA,NA,NA,NA,NA,0.0403824374349528,-0.00565775163489957,-0.0114922582354309,-0.00485457979180949,-0.0506518059140419,-0.0588152733708153,0.0869562417079008,0.0387655992636495,0.0350962323686004,0.190451460840866,0.099229774705911,0.0212238118921094,0.386209167444812,"b_0_27nov_2","lm_3"
"b_0_27nov_3_lm_0",61.1709840140059,1.78189672699631,-122.341968028012,0.0795023689545112,0.0703326507601365,0.0893652442976763,NA,NA,NA,NA,NA,NA,NA,NA,NA,NA,NA,NA,NA,NA,NA,NA,NA,NA,0,0,0,0,"b_0_27nov_3","lm_0"
"b_0_27nov_3_lm_1",64.3950231962262,2.36553802608116,-128.790046392452,0.0558722960880464,0.0375037214135488,0.0743780078985577,0.000362184520075639,0.000103865248007396,0.000613895649697544,NA,NA,NA,NA,NA,NA,NA,NA,NA,NA,NA,NA,NA,NA,NA,0.253956200528066,0.11877598623237,0.0237867529072494,0.462260982764842,"b_0_27nov_3","lm_1"
"b_0_27nov_3_lm_2",63.2271142833111,3.2763886403832,-126.454228566622,0.0794189822362383,0.0708042618802465,0.0880243892700453,NA,NA,NA,0.0619510404085346,-0.00079244059170067,0.0182667907517945,-0.0457915520746895,0.104200565629779,0.0440184493775866,NA,NA,NA,NA,NA,NA,NA,NA,NA,0.272407303713219,0.110521654830354,0.0480921450954505,0.464617194981767,"b_0_27nov_3","lm_2"
"b_0_27nov_3_lm_3",62.3325588265035,3.92552813735034,-124.665117653007,0.0794251939608652,0.0706533235468319,0.0876941243735787,NA,NA,NA,NA,NA,NA,NA,NA,NA,0.0609954810622348,-0.00145977777334401,0.00750357344417629,0.0157073654352892,-0.0459951556437655,-0.0365677833732277,0.10572775237423,0.0412103406747102,0.0525709155905149,0.282910674596982,0.10818578797774,0.0692368374996508,0.472396013483493,"b_0_27nov_3","lm_3"
"b_9_21nov_1_lm_0",71.1411380557377,1.92251421273543,-142.282276111475,0.0908875685639855,0.0788542246266572,0.102971685002937,NA,NA,NA,NA,NA,NA,NA,NA,NA,NA,NA,NA,NA,NA,NA,NA,NA,NA,0,0,0,0,"b_9_21nov_1","lm_0"
"b_9_21nov_1_lm_1",86.6508073418359,3.95911870289523,-173.301614683672,0.0421857586047622,0.0265091551464133,0.0576250890129441,0.00075920320350294,0.000552543395388646,0.00097552695565216,NA,NA,NA,NA,NA,NA,NA,NA,NA,NA,NA,NA,NA,NA,NA,0.58304739108773,0.0719807759043159,0.413781643307154,0.684998689865604,"b_9_21nov_1","lm_1"
"b_9_21nov_1_lm_2",93.7486421811306,5.16254777511339,-187.497284362261,0.0909619127529793,0.0848946280857798,0.0971955795499411,NA,NA,NA,0.167391873962519,-0.0833652798206086,0.128968447512977,-0.122905517537945,0.20617182121806,-0.04345053458543,NA,NA,NA,NA,NA,NA,NA,NA,NA,0.728779602502831,0.0441731445222703,0.615235531317327,0.785079319777016,"b_9_21nov_1","lm_2"
"b_9_21nov_1_lm_3",94.161358410519,6.1779829594825,-188.322716821038,0.0909621784607598,0.0849582229595772,0.0969545503343107,NA,NA,NA,NA,NA,NA,NA,NA,NA,0.167606117066631,-0.0833597299922454,0.0316907389712822,0.12954650296262,-0.12078617463067,-0.00728189010458284,0.205454660788587,-0.0466071695995,0.0693798329187643,0.747275838052262,0.0404091389790269,0.644560457748635,0.799020069287522,"b_9_21nov_1","lm_3"
"b_9_21nov_2_lm_0",66.8942936191885,3.72768572055543,-133.788587238377,0.0931903987029267,0.0841753846077782,0.102199962496914,NA,NA,NA,NA,NA,NA,NA,NA,NA,NA,NA,NA,NA,NA,NA,NA,NA,NA,0,0,0,0,"b_9_21nov_2","lm_0"
"b_9_21nov_2_lm_1",70.7088115456855,5.02153139822573,-141.417623091371,0.0659871012804913,0.048257598384309,0.0847015276368257,0.000373023223762758,0.000145059213740513,0.000590193554594108,NA,NA,NA,NA,NA,NA,NA,NA,NA,NA,NA,NA,NA,NA,NA,0.28965924489658,0.114641344649722,0.0524938784666638,0.481010126526636,"b_9_21nov_2","lm_1"
"b_9_21nov_2_lm_2",71.5906308038145,5.49475798503476,-143.181261607629,0.0932993402204788,0.0859104950195101,0.100625561376734,NA,NA,NA,0.0698359942487284,-0.034565415413647,0.0278367388067555,-0.0732093107942646,0.111557850298545,0.00521039832010903,NA,NA,NA,NA,NA,NA,NA,NA,NA,0.36535877936397,0.110237733488305,0.123999178154533,0.538710906515165,"b_9_21nov_2","lm_2"
"b_9_21nov_2_lm_3",70.8334085220457,6.00332380205673,-141.666817044091,0.0931242701668383,0.0856621609189004,0.100318599431093,NA,NA,NA,NA,NA,NA,NA,NA,NA,0.0695360701267059,-0.0348626757341298,0.00938755917362744,0.0287177785277131,-0.0746766862533475,-0.0325557489010488,0.11067636129186,0.00564055928621605,0.0498602984249588,0.37605412214093,0.104465856285905,0.132146040271105,0.542343572398097,"b_9_21nov_2","lm_3"
"b_9_21nov_3_lm_0",51.1738469646445,3.50596766371717,-102.347693929289,0.122265439858997,0.105724851517241,0.13914191268088,NA,NA,NA,NA,NA,NA,NA,NA,NA,NA,NA,NA,NA,NA,NA,NA,NA,NA,0,0,0,0,"b_9_21nov_3","lm_0"
"b_9_21nov_3_lm_1",59.2030088681356,5.16587722958847,-118.406017736271,0.0627165923476431,0.0351063467953929,0.0916834157806345,0.000852524282126445,0.000495216059906797,0.00120406104013462,NA,NA,NA,NA,NA,NA,NA,NA,NA,NA,NA,NA,NA,NA,NA,0.438343967467036,0.103047630355717,0.196295676972288,0.592570519635122,"b_9_21nov_3","lm_1"
"b_9_21nov_3_lm_2",59.8044820837141,5.7868996573857,-119.608964167428,0.122209363869885,0.110048697738241,0.133990598349039,NA,NA,NA,0.169495168575903,-0.0550211510287782,0.102747703741117,-0.123300708594902,0.237012424078991,0.0162382881670467,NA,NA,NA,NA,NA,NA,NA,NA,NA,0.488577233861305,0.0946857931094663,0.262498414958965,0.627081754906056,"b_9_21nov_3","lm_2"
"b_9_21nov_3_lm_3",59.1294367896501,6.36150695894244,-118.2588735793,0.122286648729561,0.109796976369258,0.134496116182448,NA,NA,NA,NA,NA,NA,NA,NA,NA,0.170163943173925,-0.0565221675383609,-0.0248061744309379,0.103631228873507,-0.129412489203154,-0.0948351551865233,0.239790403541272,0.0124398980634671,0.0431615961775309,0.500752882731296,0.0894544663665465,0.287838485056594,0.631855312973633,"b_9_21nov_3","lm_3"
"b_9_21nov_4_lm_0",75.6498596416138,1.79428078132404,-151.299719283228,0.149369405112656,0.139897520494526,0.158879987567148,NA,NA,NA,NA,NA,NA,NA,NA,NA,NA,NA,NA,NA,NA,NA,NA,NA,NA,0,0,0,0,"b_9_21nov_4","lm_0"
"b_9_21nov_4_lm_1",81.648677612077,2.4163804682174,-163.297355224154,0.119899900783925,0.102243689024079,0.137360874079298,0.000445615522393749,0.000220085885131934,0.000689007159307072,NA,NA,NA,NA,NA,NA,NA,NA,NA,NA,NA,NA,NA,NA,NA,0.308655712237802,0.105286394161756,0.092043162203438,0.494090536082422,"b_9_21nov_4","lm_1"
"b_9_21nov_4_lm_2",84.8262049624114,4.15842267151716,-169.652409924823,0.149454070979307,0.14251571987941,0.156864186098653,NA,NA,NA,0.0949116924778995,0.0680431631609062,0.0516095605503126,0.0229496993158805,0.13856190202546,0.111953782356487,NA,NA,NA,NA,NA,NA,NA,NA,NA,0.468669757294053,0.0909939211754045,0.256684800774617,0.603029678788009,"b_9_21nov_4","lm_2"
"b_9_21nov_4_lm_3",83.3049474859743,5.5515679323332,-166.609894971949,0.149380806623385,0.142344167707796,0.156472984509843,NA,NA,NA,NA,NA,NA,NA,NA,NA,0.0949537531310089,0.0673429986461319,0.0093105279856957,0.0487902859461602,0.0218342859888409,-0.0352891257751545,0.139140207002406,0.111865555665123,0.0530755044607581,0.47095064944163,0.090510570051159,0.261396057594783,0.606514661596315,"b_9_21nov_4","lm_3"
"b_9_22nov_1_lm_0",88.9069640301732,4.25015734737279,-177.813928060346,0.112773738632912,0.101774793696891,0.123406534682878,NA,NA,NA,NA,NA,NA,NA,NA,NA,NA,NA,NA,NA,NA,NA,NA,NA,NA,0,0,0,0,"b_9_22nov_1","lm_0"
"b_9_22nov_1_lm_1",100.885395165634,6.48037602059665,-201.770790331269,0.0562563936961729,0.0355155500485046,0.0777290196282876,0.000854758574326328,0.000559919356768205,0.00114569001880428,NA,NA,NA,NA,NA,NA,NA,NA,NA,NA,NA,NA,NA,NA,NA,0.421393355318054,0.0850284808882671,0.230178542376698,0.556063418081512,"b_9_22nov_1","lm_1"
"b_9_22nov_1_lm_2",100.688597778685,6.55474435058416,-201.377195557371,0.112880667538497,0.10457932788451,0.121275739159413,NA,NA,NA,0.176936391661952,0.0137007586418298,0.118457689256124,-0.045439887570447,0.233958660391116,0.0728766337188243,NA,NA,NA,NA,NA,NA,NA,NA,NA,0.425915806109533,0.0796997803670409,0.245266020645709,0.553386227921425,"b_9_22nov_1","lm_2"
"b_9_22nov_1_lm_3",99.8176160761322,7.17195305190045,-199.635232152264,0.112884698268033,0.104259348733822,0.121328929505317,NA,NA,NA,NA,NA,NA,NA,NA,NA,0.178128804889865,0.0134619946252193,0.0119174977325133,0.118834644139131,-0.0433515236374601,-0.0469724393833603,0.241694484725916,0.0707596855642725,0.0723857995415566,0.431698270832473,0.0798850024029629,0.254031457610653,0.562837458050434,"b_9_22nov_1","lm_3"
"b_9_22nov_2_lm_0",76.9919477748527,2.79544463475028,-153.983895549705,0.136339678206691,0.126411650843166,0.145951345794649,NA,NA,NA,NA,NA,NA,NA,NA,NA,NA,NA,NA,NA,NA,NA,NA,NA,NA,0,0,0,0,"b_9_22nov_2","lm_0"
"b_9_22nov_2_lm_1",83.3608414478625,3.46546888627826,-166.721682895725,0.0959928811284357,0.0739924116073456,0.118239743104317,0.000567873214907091,0.000277342686219547,0.000854461429341651,NA,NA,NA,NA,NA,NA,NA,NA,NA,NA,NA,NA,NA,NA,NA,0.314473102818229,0.102483025971271,0.091947245795003,0.490067829932165,"b_9_22nov_2","lm_1"
"b_9_22nov_2_lm_2",85.5835014329698,4.17136663134409,-171.16700286594,0.136354577335703,0.128467363778371,0.14457441753831,NA,NA,NA,0.104818826402175,0.0586677163147956,0.0585040053409493,0.0113271717275373,0.152987544410021,0.10639389408426,NA,NA,NA,NA,NA,NA,NA,NA,NA,0.417040682155202,0.091338937259993,0.214545584354215,0.564489960973202,"b_9_22nov_2","lm_2"
"b_9_22nov_2_lm_3",84.9973299449658,4.83397363335712,-169.994659889932,0.136419051959952,0.128426479287663,0.144407751254795,NA,NA,NA,NA,NA,NA,NA,NA,NA,0.104164288193712,0.0591209124148545,0.0228223560007548,0.0550603584999083,0.00972851948370214,-0.0254012702168707,0.153670896066751,0.109673094878296,0.0712573825867476,0.432151536876433,0.0912275507168692,0.222621523654023,0.573818851583846,"b_9_22nov_2","lm_3"
"b_9_22nov_3_lm_0",96.5251919962536,1.88817928213133,-193.050383992507,0.126703696317729,0.116600682210207,0.136482055589436,NA,NA,NA,NA,NA,NA,NA,NA,NA,NA,NA,NA,NA,NA,NA,NA,NA,NA,0,0,0,0,"b_9_22nov_3","lm_0"
"b_9_22nov_3_lm_1",117.087216332118,3.2607857734789,-234.174432664235,0.0554714927695766,0.0354641817483346,0.0745320130737319,0.00101812986705889,0.000754205493501993,0.00128579055869909,NA,NA,NA,NA,NA,NA,NA,NA,NA,NA,NA,NA,NA,NA,NA,0.556839696514427,0.0663275037921555,0.397494041228996,0.657428007302523,"b_9_22nov_3","lm_1"
"b_9_22nov_3_lm_2",118.080462798469,4.39889721927566,-236.160925596937,0.126616501470215,0.120254823195523,0.133065361297065,NA,NA,NA,0.197822606827881,0.0478436732457018,0.150912692265479,0.00151252807266792,0.24540420615448,0.0959022055153971,NA,NA,NA,NA,NA,NA,NA,NA,NA,0.591882232038924,0.0577839716910364,0.458495460674564,0.678217520380483,"b_9_22nov_3","lm_2"
"b_9_22nov_3_lm_3",119.533581556161,5.0127516968067,-239.067163112322,0.126686286838615,0.120226737018181,0.13314250785094,NA,NA,NA,NA,NA,NA,NA,NA,NA,0.197912437737475,0.0476464894585504,0.0493585524014378,0.1493888656901,0.00291522954612456,0.00454500712142808,0.244977067799545,0.0932506687349601,0.094659585400789,0.624986200348996,0.0550577620102021,0.495344014147179,0.705223018764098,"b_9_22nov_3","lm_3"
"b_9_22nov_4_lm_0",35.0502835601182,3.20905007778144,-70.1005671202364,0.197080341634572,0.168911969634514,0.225199674218263,NA,NA,NA,NA,NA,NA,NA,NA,NA,NA,NA,NA,NA,NA,NA,NA,NA,NA,0,0,0,0,"b_9_22nov_4","lm_0"
"b_9_22nov_4_lm_1",34.6992013845551,3.47212712003707,-69.3984027691102,0.218756051455703,0.152955617539106,0.286072958308528,-0.000299511498212112,-0.00116939688467935,0.000554485476688542,NA,NA,NA,NA,NA,NA,NA,NA,NA,NA,NA,NA,NA,NA,NA,0.0429022790212446,0.0505853093153434,4.58264226382457e-05,0.184361140336877,"b_9_22nov_4","lm_1"
"b_9_22nov_4_lm_2",42.5046759951133,4.7290327255322,-85.0093519902267,0.19683376136982,0.175232690236001,0.219006567912754,NA,NA,NA,-0.0560987928858515,-0.284768135581714,-0.186384247313392,-0.41235264202653,0.0707924995205301,-0.157337646881279,NA,NA,NA,NA,NA,NA,NA,NA,NA,0.424712031555709,0.102446184028745,0.189972472954557,0.581322452045816,"b_9_22nov_4","lm_2"
"b_9_22nov_4_lm_3",42.8118059753771,5.95919745814594,-85.6236119507541,0.197041562334942,0.175601446803914,0.21813469255328,NA,NA,NA,NA,NA,NA,NA,NA,NA,-0.0573145031231666,-0.285860515796058,0.104507373552384,-0.176033878242555,-0.409061567832472,-0.0194806968241689,0.0588894687571312,-0.166096578652407,0.225648931313403,0.480118276859901,0.0929981598243345,0.262730679307016,0.616138492520931,"b_9_22nov_4","lm_3"
"c_0_21nov_1_lm_0",94.9163904476062,2.23722368918675,-189.832780895212,0.059853517553816,0.053459296530434,0.0661997541801399,NA,NA,NA,NA,NA,NA,NA,NA,NA,NA,NA,NA,NA,NA,NA,NA,NA,NA,0,0,0,0,"c_0_21nov_1","lm_0"
"c_0_21nov_1_lm_1",94.433996976531,3.38879495909312,-188.867993953062,0.0524135946047863,0.037493126373977,0.0667264663166987,0.000114139688184067,-7.77553882376199e-05,0.000319877601671386,NA,NA,NA,NA,NA,NA,NA,NA,NA,NA,NA,NA,NA,NA,NA,0.0530341628215824,0.0550191427170157,8.53176917245979e-05,0.20037606699783,"c_0_21nov_1","lm_1"
"c_0_21nov_1_lm_2",95.1855309995317,4.20281365576658,-190.371061999063,0.0598051951969487,0.053410644558261,0.0662053216249514,NA,NA,NA,0.0237201319290124,0.0374687712506873,-0.0157671445511125,-0.00320858484823889,0.0629661979787639,0.079361585003943,NA,NA,NA,NA,NA,NA,NA,NA,NA,0.150831503618851,0.0841834906799399,0.0110926024027887,0.327954393443546,"c_0_21nov_1","lm_2"
"c_0_21nov_1_lm_3",94.9246476205849,5.3852942650037,-189.84929524117,0.0597502272373778,0.0534292714777918,0.0660921414195785,NA,NA,NA,NA,NA,NA,NA,NA,NA,0.0234513249921076,0.0371410764909899,-0.0287735945488407,-0.0162930960863813,-0.00274880381849451,-0.0687321654255665,0.0623353002393461,0.0758084384656923,0.0107392164012601,0.206969572486503,0.0893226548316507,0.0430849501871443,0.377228872905825,"c_0_21nov_1","lm_3"
"c_0_21nov_2_lm_0",82.1916917187277,1.2647540575499,-164.383383437455,0.0926576096147337,0.0865152336257742,0.0987572812261782,NA,NA,NA,NA,NA,NA,NA,NA,NA,NA,NA,NA,NA,NA,NA,NA,NA,NA,0,0,0,0,"c_0_21nov_2","lm_0"
"c_0_21nov_2_lm_1",106.813743545982,2.89971157161937,-213.627487091963,0.0627550419391978,0.0565645163423081,0.0688703510975642,0.000427673831291189,0.000348605787866062,0.000508175173223396,NA,NA,NA,NA,NA,NA,NA,NA,NA,NA,NA,NA,NA,NA,NA,0.805844804044787,0.0335665476851002,0.718078878076677,0.842457648013816,"c_0_21nov_2","lm_1"
"c_0_21nov_2_lm_2",111.609197109502,3.32400757312034,-223.218394219003,0.0926734919807539,0.0903710200114717,0.0948993354277055,NA,NA,NA,0.0811526685076803,0.0213339426229979,0.0687245314175744,0.00901690596538397,0.0936076943982693,0.0338265055061825,NA,NA,NA,NA,NA,NA,NA,NA,NA,0.861264990582079,0.0223189930274386,0.804029704363568,0.884257540747689,"c_0_21nov_2","lm_2"
"c_0_21nov_2_lm_3",111.897837093621,4.36424433995707,-223.795674187242,0.0926872615069874,0.0904166120042986,0.0949136841837299,NA,NA,NA,NA,NA,NA,NA,NA,NA,0.0809026337954601,0.0213138569936087,-0.0104246760143297,0.0688745659097931,0.00911995651001873,-0.022334727122881,0.0930368922339289,0.0335791622471868,0.00141145536164271,0.871093679524945,0.0203536986434143,0.818777062593045,0.893957010101196,"c_0_21nov_2","lm_3"
"c_0_21nov_4_lm_0",39.7652472239431,2.56209008268749,-79.5304944478861,0.153576235576713,0.132249336276354,0.176379287753274,NA,NA,NA,NA,NA,NA,NA,NA,NA,NA,NA,NA,NA,NA,NA,NA,NA,NA,0,0,0,0,"c_0_21nov_4","lm_0"
"c_0_21nov_4_lm_1",39.4375143439228,3.02032826406108,-78.8750286878457,0.130034508208657,0.0764999147782022,0.183328845387816,0.000307310836292965,-0.00036681377495805,0.000977388831288988,NA,NA,NA,NA,NA,NA,NA,NA,NA,NA,NA,NA,NA,NA,NA,0.0616637201725464,0.0654695611316451,8.26000340915447e-05,0.231686552315329,"c_0_21nov_4","lm_1"
"c_0_21nov_4_lm_2",40.790558086615,3.90970723641812,-81.58111617323,0.153044718505526,0.132967588570067,0.173609997171155,NA,NA,NA,0.0530746270251249,-0.113380235307939,-0.0516541492005048,-0.226615311835998,0.159224118693764,-0.0106286238558708,NA,NA,NA,NA,NA,NA,NA,NA,NA,0.216425067702855,0.107812514482781,0.022603953979264,0.417240457093315,"c_0_21nov_4","lm_2"
"c_0_21nov_4_lm_3",39.7431242477938,7.7982142054975,-79.4862484955875,0.152986627361538,0.133886311153066,0.171533486516291,NA,NA,NA,NA,NA,NA,NA,NA,NA,0.0520955857548196,-0.112827476823619,-0.103111697703262,-0.0474700651983161,-0.209794042077234,-0.202869130151173,0.153797241486323,-0.0168517536908649,-0.00314221263402242,0.334474812652792,0.107454095396481,0.107141400263858,0.516302248773273,"c_0_21nov_4","lm_3"
"c_0_22nov_3_lm_0",23.1964964183374,5.88014747926931,-46.3929928366748,0.169052054697462,0.134577172677276,0.202430944337127,NA,NA,NA,NA,NA,NA,NA,NA,NA,NA,NA,NA,NA,NA,NA,NA,NA,NA,0,0,0,0,"c_0_22nov_3","lm_0"
"c_0_22nov_3_lm_1",23.7419559794531,6.03577596477606,-47.4839119589061,0.115659725796101,0.0315798007721546,0.197456180298857,0.000762428585078102,-0.000340606147769792,0.00187196913280979,NA,NA,NA,NA,NA,NA,NA,NA,NA,NA,NA,NA,NA,NA,NA,0.108766410257338,0.0931204253371174,0.000329270246596094,0.323452019157821,"c_0_22nov_3","lm_1"
"c_0_22nov_3_lm_2",23.5717531156921,5.7106582502839,-47.1435062313842,0.16858056287177,0.135001717446466,0.201670092552673,NA,NA,NA,0.112062790800425,0.020440389128447,-0.0507218443113949,-0.147081204830252,0.277709065609284,0.18616776596928,NA,NA,NA,NA,NA,NA,NA,NA,NA,0.135083423075025,0.0926236933935798,0.00549910445677928,0.337259092649245,"c_0_22nov_3","lm_2"
"c_0_22nov_3_lm_3",22.5077298745457,6.32360001098387,-45.0154597490915,0.16874517962906,0.134008060896409,0.20340752588756,NA,NA,NA,NA,NA,NA,NA,NA,NA,0.116061018437481,0.024650909550566,-0.0415024482232984,-0.0628500724957644,-0.158887943803421,-0.211762161363273,0.287189266278576,0.203863789523666,0.124825185415328,0.175374156303683,0.0936779855853628,0.0209095042381381,0.368631979823932,"c_0_22nov_3","lm_3"
"c_0_22nov_4_lm_0",41.7875639825713,1.52000319680031,-83.5751279651425,0.155431979051436,0.134837598761765,0.176155883307101,NA,NA,NA,NA,NA,NA,NA,NA,NA,NA,NA,NA,NA,NA,NA,NA,NA,NA,0,0,0,0,"c_0_22nov_4","lm_0"
"c_0_22nov_4_lm_1",45.7976004725692,4.3008424121333,-91.5952009451383,0.238480739347614,0.190554505399008,0.284991578735963,-0.00106597450319464,-0.00163401427524745,-0.00047811879110977,NA,NA,NA,NA,NA,NA,NA,NA,NA,NA,NA,NA,NA,NA,NA,0.356919112165481,0.12095365455293,0.0912850969611619,0.543878037705839,"c_0_22nov_4","lm_1"
"c_0_22nov_4_lm_2",63.4238826093909,3.57638570574834,-126.847765218782,0.155693322677671,0.146726282617359,0.16453373350353,NA,NA,NA,-0.164492763225852,-0.180136718901053,-0.213292011819866,-0.2302484806849,-0.117314639482898,-0.12981963197669,NA,NA,NA,NA,NA,NA,NA,NA,NA,0.805942440578503,0.0373880176197559,0.705485458559203,0.84643944566951,"c_0_22nov_4","lm_2"
"c_0_22nov_4_lm_3",64.0671564909757,5.34268327795751,-128.134312981951,0.155810399279546,0.147455805573988,0.16442768906708,NA,NA,NA,NA,NA,NA,NA,NA,NA,-0.164948760331382,-0.179675260801485,0.0468649752187414,-0.211995241616734,-0.224393768557568,0.00136153946864205,-0.120498600518224,-0.134764780810923,0.0926560850485001,0.833228186281773,0.0301743706871455,0.757393882916608,0.86700450649901,"c_0_22nov_4","lm_3"
"c_9_24nov_2_lm_0",82.2712963072581,1.24729831367437,-164.542592614516,0.139830368899261,0.128597449461864,0.151219391802501,NA,NA,NA,NA,NA,NA,NA,NA,NA,NA,NA,NA,NA,NA,NA,NA,NA,NA,0,0,0,0,"c_9_24nov_2","lm_0"
"c_9_24nov_2_lm_1",117.082485254638,3.04218878257116,-234.164970509276,0.0732901317324529,0.0614818634708997,0.0846427573016884,0.000989008656469658,0.000839386463922679,0.00114238953670158,NA,NA,NA,NA,NA,NA,NA,NA,NA,NA,NA,NA,NA,NA,NA,0.795321118252643,0.0283889803488943,0.727233814906647,0.83060476417554,"c_9_24nov_2","lm_1"
"c_9_24nov_2_lm_2",119.298373607552,3.94791871310367,-238.596747215104,0.139721432969629,0.134778277856551,0.144704390490561,NA,NA,NA,0.22489359117754,0.0411243579611033,0.192405507233062,0.00831467063080093,0.257246213905644,0.0725348438957853,NA,NA,NA,NA,NA,NA,NA,NA,NA,0.820409707806907,0.0233560514871806,0.760387461707861,0.850153537138623,"c_9_24nov_2","lm_2"
"c_9_24nov_2_lm_3",117.437064131181,6.23995038288001,-234.874128262362,0.139836650421519,0.134739577343342,0.144776068201304,NA,NA,NA,NA,NA,NA,NA,NA,NA,0.225344529378431,0.0412650495771405,-0.0121574519652694,0.19269391514957,0.00756100660846015,-0.0439672355508303,0.260319614900094,0.074591402734618,0.02043481837555,0.820348342922408,0.0236931705002254,0.758904846045401,0.850689189874294,"c_9_24nov_2","lm_3"
"c_9_24nov_3_lm_0",62.8059007802485,4.4849481014596,-125.611801560497,0.0973341026935918,0.0827378132334021,0.111703260132164,NA,NA,NA,NA,NA,NA,NA,NA,NA,NA,NA,NA,NA,NA,NA,NA,NA,NA,0,0,0,0,"c_9_24nov_3","lm_0"
"c_9_24nov_3_lm_1",65.0978840310994,4.32822589218137,-130.195768062199,0.0635030089656455,0.0294742586000103,0.0958779518127269,0.000466505047997182,4.82154963155633e-05,0.000912081814962841,NA,NA,NA,NA,NA,NA,NA,NA,NA,NA,NA,NA,NA,NA,NA,0.130607457305591,0.0842971816252263,0.00307086133563639,0.321225727354168,"c_9_24nov_3","lm_1"
"c_9_24nov_3_lm_2",65.4687899615273,5.74473613189795,-130.937579923055,0.0971195030661217,0.083977182319079,0.111013117292565,NA,NA,NA,0.0960155510608293,0.0784902989504328,0.012157966626652,-0.000332155484750286,0.1776648490538,0.165118011173142,NA,NA,NA,NA,NA,NA,NA,NA,NA,0.217829309961828,0.0922513540051597,0.0426271101715348,0.394864322490161,"c_9_24nov_3","lm_2"
"c_9_24nov_3_lm_3",63.0688746062459,8.04460318630146,-126.137749212492,0.0973907296290117,0.0841397571300623,0.110558300575941,NA,NA,NA,NA,NA,NA,NA,NA,NA,0.0949344369691955,0.0783678641938697,-0.0110652865539543,0.00897660512136574,-0.0113466001851119,-0.0950326629954532,0.179987667429825,0.166340846760225,0.0715229274104284,0.229668335518339,0.0921592017165857,0.0506792605146772,0.402590631627465,"c_9_24nov_3","lm_3"
"c_9_24nov_4_lm_0",98.9835872024111,2.20723383312624,-197.967174404822,0.0992336835638585,0.0914602525182523,0.107224914204755,NA,NA,NA,NA,NA,NA,NA,NA,NA,NA,NA,NA,NA,NA,NA,NA,NA,NA,0,0,0,0,"c_9_24nov_4","lm_0"
"c_9_24nov_4_lm_1",105.926886004039,3.1334701725276,-211.853772008078,0.0702786853018943,0.0548544049452361,0.0854210499707563,0.000422484210847655,0.000227045041252157,0.000623042654486338,NA,NA,NA,NA,NA,NA,NA,NA,NA,NA,NA,NA,NA,NA,NA,0.29371694163335,0.0922909732708191,0.101767081936386,0.458695666924029,"c_9_24nov_4","lm_1"
"c_9_24nov_4_lm_2",105.909971870243,3.737408535293,-211.819943740486,0.0993600761509794,0.0927889418326698,0.105874493763208,NA,NA,NA,0.0934777690121122,0.0291362744946369,0.0491932928305532,-0.0164503564422913,0.139038612873153,0.0742427529609949,NA,NA,NA,NA,NA,NA,NA,NA,NA,0.325426660605227,0.0920483926795957,0.133504931861624,0.486325102124919,"c_9_24nov_4","lm_2"
"c_9_24nov_4_lm_3",105.120997174531,4.31113249954321,-210.241994349061,0.0993517697967764,0.092981167698734,0.105770956926363,NA,NA,NA,NA,NA,NA,NA,NA,NA,0.0938663769477854,0.0293286250128451,-0.00804759460581584,0.0492759558905205,-0.0140861361684049,-0.0528852065464177,0.140498020868916,0.0721026701195149,0.0368129638547916,0.334262788633487,0.0893655771415939,0.147621307636916,0.492441008525454,"c_9_24nov_4","lm_3"
"c_9_25nov_2_lm_0",42.2945574709368,1.52324461413355,-84.5891149418736,0.133686338691973,0.121422165069067,0.145797807705777,NA,NA,NA,NA,NA,NA,NA,NA,NA,NA,NA,NA,NA,NA,NA,NA,NA,NA,0,0,0,0,"c_9_25nov_2","lm_0"
"c_9_25nov_2_lm_1",41.9368951926899,2.48673458993208,-83.8737903853798,0.117371501363355,0.0865299454284823,0.147839738052647,0.000217764519840143,-0.000164895912786884,0.000609413507653895,NA,NA,NA,NA,NA,NA,NA,NA,NA,NA,NA,NA,NA,NA,NA,0.114712524876582,0.104135580432581,0.000246410090913934,0.359475807223619,"c_9_25nov_2","lm_1"
"c_9_25nov_2_lm_2",40.7064296842764,3.3979163243151,-81.4128593685529,0.133531932649202,0.121181190565882,0.145920809378961,NA,NA,NA,0.0295179361338541,0.00675544742899764,-0.0219551384648447,-0.0466469173051314,0.0820216571901603,0.0636894613037692,NA,NA,NA,NA,NA,NA,NA,NA,NA,0.154686917803975,0.103746918697811,0.00746189046526335,0.37400625232239,"c_9_25nov_2","lm_2"
"c_9_25nov_2_lm_3",40.2905584410602,4.11799547145089,-80.5811168821204,0.133728605551844,0.121776463787508,0.145832227131912,NA,NA,NA,NA,NA,NA,NA,NA,NA,0.029855221115268,0.00680114552039542,0.0278099851698701,-0.0243597852785335,-0.0460979999339602,-0.028329567940322,0.0830848678667491,0.0606727282694153,0.0830296052371271,0.234260749946388,0.111858270133089,0.0374971437738463,0.441672568480205,"c_9_25nov_2","lm_3"
"c_9_25nov_3_lm_0",80.2500981558795,1.74011518975525,-160.500196311759,0.0352949824886784,0.0289315474778949,0.0417816481081161,NA,NA,NA,NA,NA,NA,NA,NA,NA,NA,NA,NA,NA,NA,NA,NA,NA,NA,0,0,0,0,"c_9_25nov_3","lm_0"
"c_9_25nov_3_lm_1",79.7158638559199,2.41437178358756,-159.43172771184,0.0390257307089941,0.026833309481342,0.0514448003414053,-6.08134225326486e-05,-0.000228872525114502,0.000103189378203041,NA,NA,NA,NA,NA,NA,NA,NA,NA,NA,NA,NA,NA,NA,NA,0.0456293236719779,0.0531369212753096,5.81533718120007e-05,0.191745417530762,"c_9_25nov_3","lm_1"
"c_9_25nov_3_lm_2",78.6386353385819,3.98493309827776,-157.277270677164,0.0353302888765107,0.0286372597218802,0.0420849436709071,NA,NA,NA,-0.0132666234990001,-0.0171334297081773,-0.0476559276908892,-0.0533822154294032,0.0215421654677839,0.0166723363141005,NA,NA,NA,NA,NA,NA,NA,NA,NA,0.0983590299901574,0.0730437254820311,0.00377115317535203,0.271636823060961,"c_9_25nov_3","lm_2"
"c_9_25nov_3_lm_3",79.1694807529684,4.86569439091656,-158.338961505937,0.0353505921276448,0.0292343028622228,0.0414973989240824,NA,NA,NA,NA,NA,NA,NA,NA,NA,-0.0126879490943934,-0.0167353876746304,0.0316450972208467,-0.0483996514463536,-0.0513239741855081,-0.00288966799399507,0.0239030210074299,0.0174833151924608,0.0663542037696788,0.205414444582597,0.0941042824038242,0.0351970871689275,0.388189226474288,"c_9_25nov_3","lm_3"
"c_9_25nov_4_lm_0",78.2126510015953,1.65268815526899,-156.425302003191,0.0942785530549672,0.0860851556087666,0.102673393714829,NA,NA,NA,NA,NA,NA,NA,NA,NA,NA,NA,NA,NA,NA,NA,NA,NA,NA,0,0,0,0,"c_9_25nov_4","lm_0"
"c_9_25nov_4_lm_1",90.6355949287542,2.65144889705194,-181.271189857508,0.0668940650194889,0.0567364028168338,0.0778362920392256,0.000454552704710845,0.000310158675935051,0.000600959387202809,NA,NA,NA,NA,NA,NA,NA,NA,NA,NA,NA,NA,NA,NA,NA,0.534540216140944,0.0844147641339567,0.335246691834127,0.654753112851735,"c_9_25nov_4","lm_1"
"c_9_25nov_4_lm_2",89.8727941141037,3.24587097554544,-179.745588228207,0.0943730617613193,0.088471803576534,0.100392219766055,NA,NA,NA,0.0990351086453818,-0.0072199183778128,0.0661040290939184,-0.039676307149308,0.133051908025179,0.0245782893313199,NA,NA,NA,NA,NA,NA,NA,NA,NA,0.53613444548926,0.0858591269632525,0.335038121347722,0.658039332152588,"c_9_25nov_4","lm_2"
"c_9_25nov_4_lm_3",90.3617350103025,4.19926491788019,-180.723470020605,0.0943347752070344,0.0888779571113324,0.0998732445462945,NA,NA,NA,NA,NA,NA,NA,NA,NA,0.0990539224338255,-0.00683993662024168,0.0277271680262299,0.0672386351467994,-0.0390041520568823,-0.00364447757621298,0.130604302860853,0.0244504802818699,0.0600092421646997,0.576967269200225,0.0762081949725579,0.393277870496217,0.683493485328428,"c_9_25nov_4","lm_3"
"c_9_26nov_3_lm_0",52.8866215531379,3.98842865670993,-105.773243106276,0.0842505058436108,0.0660289727423641,0.102405416652837,NA,NA,NA,NA,NA,NA,NA,NA,NA,NA,NA,NA,NA,NA,NA,NA,NA,NA,0,0,0,0,"c_9_26nov_3","lm_0"
"c_9_26nov_3_lm_1",55.7965853481212,4.65476454212132,-111.593170696242,0.0358664938995655,-0.00261867229515061,0.0751701747256003,0.00075794741712546,0.000201741841653658,0.00132346182218507,NA,NA,NA,NA,NA,NA,NA,NA,NA,NA,NA,NA,NA,NA,NA,0.195526981383928,0.100611575823499,0.0152204539523336,0.392850117383449,"c_9_26nov_3","lm_1"
"c_9_26nov_3_lm_2",56.5091427301591,4.5943329086897,-113.018285460318,0.0838858037862375,0.0677039037162952,0.0997133085806862,NA,NA,NA,0.133016593969782,0.0669324213494066,0.0359353736144292,-0.0246810408048112,0.230554191902919,0.160136292500192,NA,NA,NA,NA,NA,NA,NA,NA,NA,0.250636260712638,0.100333322090087,0.0542020376685547,0.437090345247587,"c_9_26nov_3","lm_2"
"c_9_26nov_3_lm_3",56.1683682083624,4.97934364917581,-112.336736416725,0.0840382433140633,0.0680826267245377,0.100137838077933,NA,NA,NA,NA,NA,NA,NA,NA,NA,0.132420008879711,0.0669468246881699,0.0421737234874958,0.0350099538238328,-0.0292764223700768,-0.0508081436278056,0.228398572644675,0.159728833112073,0.140033847359123,0.276842118430921,0.0969008560197265,0.0750793239097758,0.45189452940936,"c_9_26nov_3","lm_3"
"c_9_27nov_2_lm_0",35.2216113250053,3.62898359665438,-70.4432226500106,0.141622304951475,0.121017810526704,0.162364511172408,NA,NA,NA,NA,NA,NA,NA,NA,NA,NA,NA,NA,NA,NA,NA,NA,NA,NA,0,0,0,0,"c_9_27nov_2","lm_0"
"c_9_27nov_2_lm_1",35.9000269598249,5.10002109551304,-71.8000539196497,0.100418897776368,0.0564628197809257,0.145506910465371,0.000620232127323478,7.18186201215896e-06,0.00120613862634578,NA,NA,NA,NA,NA,NA,NA,NA,NA,NA,NA,NA,NA,NA,NA,0.185971556334968,0.117360792728013,0.00303950245724646,0.410621395816749,"c_9_27nov_2","lm_1"
"c_9_27nov_2_lm_2",35.2907506725523,5.42307848308455,-70.5815013451047,0.141770011660526,0.121699792986549,0.162167326236812,NA,NA,NA,0.101327660643998,-0.0213781766276516,0.00100315322514365,-0.123572558363639,0.204343552483499,0.0780953659273654,NA,NA,NA,NA,NA,NA,NA,NA,NA,0.216921965729871,0.11316242947132,0.0203063456110435,0.434643116300638,"c_9_27nov_2","lm_2"
"c_9_27nov_2_lm_3",35.3387487640988,6.79035176351445,-70.6774975281977,0.14170216552519,0.122574746691315,0.16107310508574,NA,NA,NA,NA,NA,NA,NA,NA,NA,0.102035323415158,-0.0219706966295687,-0.0758606560251614,0.00891527509072266,-0.115984474423002,-0.17103111313457,0.196642151580925,0.0734733007753333,0.0160225304834251,0.311325857789056,0.116034692565797,0.0727829261050609,0.502081797650639,"c_9_27nov_2","lm_3"
"c_9_27nov_4_lm_0",58.6133049424975,1.61906440198328,-117.226609884995,0.100882006188132,0.0908987292464716,0.11109146715621,NA,NA,NA,NA,NA,NA,NA,NA,NA,NA,NA,NA,NA,NA,NA,NA,NA,NA,0,0,0,0,"c_9_27nov_4","lm_0"
"c_9_27nov_4_lm_1",66.2407441177576,2.37138917003232,-132.481488235515,0.0695713504314225,0.0540027916721419,0.0852260507654878,0.000488364139990691,0.000273783653993947,0.000704896404134778,NA,NA,NA,NA,NA,NA,NA,NA,NA,NA,NA,NA,NA,NA,NA,0.47139935632954,0.110703472665846,0.204809512242624,0.627974620623395,"c_9_27nov_4","lm_1"
"c_9_27nov_4_lm_2",66.631127473657,3.50947689851122,-133.262254947314,0.100884080425384,0.0937877390032269,0.107792889985082,NA,NA,NA,0.0838486873889437,-0.0297975095363571,0.0482829919481781,-0.0660458973714144,0.120018979798087,0.00659559041329811,NA,NA,NA,NA,NA,NA,NA,NA,NA,0.528147553860689,0.0987458634641211,0.280450634041536,0.664421272558587,"c_9_27nov_4","lm_2"
"c_9_27nov_4_lm_3",65.4677087181838,4.61781895094154,-130.935417436368,0.101093744788028,0.0941071982039625,0.108293269622439,NA,NA,NA,NA,NA,NA,NA,NA,NA,0.0833647824611352,-0.0297705598736658,0.00971969573864443,0.0450782366961013,-0.0667891937187133,-0.0270560785767165,0.118922109100603,0.00503316417955935,0.0467089115506869,0.530233656000263,0.101047164611742,0.275806227395528,0.664801438170035,"c_9_27nov_4","lm_3"
"d_0_21nov_2_lm_0",61.231596624343,3.39668845435599,-122.463193248686,0.165686135389582,0.157187016184033,0.173995051912445,NA,NA,NA,NA,NA,NA,NA,NA,NA,NA,NA,NA,NA,NA,NA,NA,NA,NA,0,0,0,0,"d_0_21nov_2","lm_0"
"d_0_21nov_2_lm_1",64.4837637247886,3.92802267154498,-128.967527449577,0.140026154455519,0.120780496367611,0.159998536115008,0.00034043583631787,9.19180911259161e-05,0.00057803523888574,NA,NA,NA,NA,NA,NA,NA,NA,NA,NA,NA,NA,NA,NA,NA,0.264474058516636,0.119723799806267,0.0238176724986966,0.475503915501648,"d_0_21nov_2","lm_1"
"d_0_21nov_2_lm_2",64.7009075700389,4.92312249467194,-129.401815140078,0.165804596878542,0.158513881346865,0.172954348466207,NA,NA,NA,0.0539980035727279,-0.0295046547419751,0.017361705774568,-0.0645994406484517,0.0908979117733694,0.00858049910511897,NA,NA,NA,NA,NA,NA,NA,NA,NA,0.348365104532409,0.116441000090595,0.0955153779979817,0.532900431740388,"d_0_21nov_2","lm_2"
"d_0_21nov_2_lm_3",62.2358176653785,7.06853036055148,-124.471635330757,0.165745383858397,0.158316818892603,0.173184672187979,NA,NA,NA,NA,NA,NA,NA,NA,NA,0.0545245592280184,-0.0301704054601865,0.0055293640148775,0.0145347180678633,-0.07000863355767,-0.0319909329327125,0.0938455635708726,0.00938920727221327,0.0424104475693462,0.363277974679956,0.113106864194892,0.115507647375171,0.543010300210813,"d_0_21nov_2","lm_3"
"d_0_21nov_3_lm_0",55.1256909729231,1.55300345873013,-110.251381945846,0.0762660099109263,0.0580574580208932,0.0946391799509631,NA,NA,NA,NA,NA,NA,NA,NA,NA,NA,NA,NA,NA,NA,NA,NA,NA,NA,0,0,0,0,"d_0_21nov_3","lm_0"
"d_0_21nov_3_lm_1",81.6172330710207,3.78051043108173,-163.234466142041,-0.00544899556020901,-0.0232186907576104,0.01255930770366,0.00139588130558379,0.00113732426682365,0.00165818607203332,NA,NA,NA,NA,NA,NA,NA,NA,NA,NA,NA,NA,NA,NA,NA,0.766448152873571,0.0378406565828397,0.671777061442164,0.812413029363927,"d_0_21nov_3","lm_1"
"d_0_21nov_3_lm_2",82.2880233771435,4.71691946890119,-164.576046754287,0.0762681339352827,0.0680091001863484,0.0843948954280696,NA,NA,NA,0.29262521520069,0.0470995235059691,0.240202007193,-0.00546807457282592,0.34341262804621,0.0969688601086631,NA,NA,NA,NA,NA,NA,NA,NA,NA,0.783713530887206,0.0344843906049102,0.698282353905215,0.824776977843391,"d_0_21nov_3","lm_2"
"d_0_21nov_3_lm_3",81.7120001133495,5.4792674574015,-163.424000226699,0.0762186850879271,0.0675884867009103,0.0845628835536751,NA,NA,NA,NA,NA,NA,NA,NA,NA,0.292236199015466,0.0468531730819611,0.0257467175640598,0.237188183438641,-0.00671197839693198,-0.0268072754884414,0.345006938289368,0.0986408444981465,0.0781482556790745,0.785029634379319,0.0353470938737088,0.693176705531136,0.828492815094548,"d_0_21nov_3","lm_3"
"d_0_22nov_2_lm_0",71.6874455431854,2.60697389278759,-143.374891086371,0.166589353583708,0.156737613289558,0.176561105147276,NA,NA,NA,NA,NA,NA,NA,NA,NA,NA,NA,NA,NA,NA,NA,NA,NA,NA,0,0,0,0,"d_0_22nov_2","lm_0"
"d_0_22nov_2_lm_1",78.8087941792054,3.95180261005227,-157.617588358411,0.124692985976508,0.104014200117837,0.144838252060902,0.000586923388306907,0.000317374401043322,0.000850967885330341,NA,NA,NA,NA,NA,NA,NA,NA,NA,NA,NA,NA,NA,NA,NA,0.385039721895933,0.105431761007727,0.145537479952093,0.550450379671045,"d_0_22nov_2","lm_1"
"d_0_22nov_2_lm_2",80.1342251822183,4.45108434575602,-160.268450364437,0.166690235848055,0.159472786901337,0.173881320440465,NA,NA,NA,0.100053228084099,0.0430729893719304,0.0567148588189992,-0.00223014781782299,0.144076721735219,0.0868500453968865,NA,NA,NA,NA,NA,NA,NA,NA,NA,0.455555895808161,0.0953615569311534,0.231716060608464,0.600335874354487,"d_0_22nov_2","lm_2"
"d_0_22nov_2_lm_3",79.6483506334079,4.60874850023566,-159.296701266816,0.166611266673756,0.159015912203197,0.174013757637782,NA,NA,NA,NA,NA,NA,NA,NA,NA,0.0998560266067786,0.0431719611537862,-0.00851437258013855,0.0566323713606948,0.00175094314679726,-0.0515819587285587,0.142708174433462,0.0868065715029953,0.0356401773011577,0.459721724970548,0.0917483099859835,0.246342631154577,0.598241925340055,"d_0_22nov_2","lm_3"
"d_0_22nov_3_lm_0",71.3732235006049,2.97064960366705,-142.74644700121,0.135680759375821,0.125237166041849,0.145831428953329,NA,NA,NA,NA,NA,NA,NA,NA,NA,NA,NA,NA,NA,NA,NA,NA,NA,NA,0,0,0,0,"d_0_22nov_3","lm_0"
"d_0_22nov_3_lm_1",73.0764009592843,3.50871073167426,-146.152801918569,0.110834831413011,0.0868015724133299,0.135433516275054,0.000355544617373809,2.60502802954387e-05,0.000677079866724737,NA,NA,NA,NA,NA,NA,NA,NA,NA,NA,NA,NA,NA,NA,NA,0.141060951280127,0.0909455406715938,0.00230681788915032,0.330113959767427,"d_0_22nov_3","lm_1"
"d_0_22nov_3_lm_2",72.5745103657967,3.74110652943905,-145.149020731593,0.135580155811429,0.125409601633447,0.1455509725737,NA,NA,NA,0.0620423135603737,0.0138012152468757,0.00577661739407431,-0.0417153418058912,0.118917918098242,0.0690269352312081,NA,NA,NA,NA,NA,NA,NA,NA,NA,0.162984950387165,0.0890512804051703,0.0151267735558416,0.343675959601966,"d_0_22nov_3","lm_2"
"d_0_22nov_3_lm_3",71.6441502765135,4.33550169251396,-143.288300553027,0.13556970741498,0.125377398274956,0.145368938343564,NA,NA,NA,NA,NA,NA,NA,NA,NA,0.0620145037614694,0.01385408535839,-0.0090089355050332,0.00445519230506262,-0.0471318887465129,-0.0705768052956175,0.122204995192846,0.0726618549110878,0.0514560314746809,0.182745775489402,0.0885012229181724,0.0290354742235891,0.361806974463384,"d_0_22nov_3","lm_3"
"d_9_24nov_2_lm_0",78.6915609839525,1.5888806130486,-157.383121967905,0.101361342953512,0.090792553895997,0.112406472939466,NA,NA,NA,NA,NA,NA,NA,NA,NA,NA,NA,NA,NA,NA,NA,NA,NA,NA,0,0,0,0,"d_9_24nov_2","lm_0"
"d_9_24nov_2_lm_1",92.1752822455537,3.0945254985562,-184.350564491107,0.0489388693973133,0.0306848093069896,0.0674644048110562,0.000747503660603509,0.000503040454304504,0.000990842357665798,NA,NA,NA,NA,NA,NA,NA,NA,NA,NA,NA,NA,NA,NA,NA,0.502930611997265,0.0812314254365802,0.301977477298413,0.626772578630855,"d_9_24nov_2","lm_1"
"d_9_24nov_2_lm_2",95.9119383625693,4.00992578696909,-191.823876725139,0.101285097478803,0.094561312003023,0.108386780164788,NA,NA,NA,0.155761638351326,0.0694326614769842,0.111555118756251,0.0242281677003244,0.200715726687998,0.114727239523316,NA,NA,NA,NA,NA,NA,NA,NA,NA,0.603265551790202,0.0663075518545586,0.441609972120843,0.696595872395779,"d_9_24nov_2","lm_2"
"d_9_24nov_2_lm_3",95.2186289383379,4.70095556118775,-190.437257876676,0.101396532422267,0.0944981604744581,0.108433145380685,NA,NA,NA,NA,NA,NA,NA,NA,NA,0.155433692417593,0.0697984748580034,0.0157280836933895,0.109522585333174,0.0255665089127728,-0.028830584195778,0.200644165313408,0.112983713195645,0.0602431162909092,0.606070477061273,0.0651534673463063,0.448398407330803,0.696993073750389,"d_9_24nov_2","lm_3"
"d_9_24nov_3_lm_0",83.4362760143447,1.99476119296374,-166.872552028689,0.131175756666682,0.119676568415648,0.142679142901958,NA,NA,NA,NA,NA,NA,NA,NA,NA,NA,NA,NA,NA,NA,NA,NA,NA,NA,0,0,0,0,"d_9_24nov_3","lm_0"
"d_9_24nov_3_lm_1",104.609071753527,3.43291055061263,-209.218143507054,0.0743842645594958,0.0588099186023969,0.0895995659345856,0.000848727447508574,0.000638932142538533,0.0010630619296977,NA,NA,NA,NA,NA,NA,NA,NA,NA,NA,NA,NA,NA,NA,NA,0.621050961473197,0.0609081707797631,0.46848153227283,0.708494352657429,"d_9_24nov_3","lm_1"
"d_9_24nov_3_lm_2",103.647034241592,4.46266710587158,-207.294068483183,0.131269577199513,0.124127744255431,0.138454037521685,NA,NA,NA,0.192491151233866,-0.0136980533678983,0.144928153650872,-0.0587221239466408,0.240367263165134,0.0325308829698672,NA,NA,NA,NA,NA,NA,NA,NA,NA,0.621964672553442,0.0597505072092621,0.472849452174431,0.708386735777907,"d_9_24nov_3","lm_2"
"d_9_24nov_3_lm_3",105.482915480352,5.06325642854049,-210.965830960704,0.131289295044496,0.124842190143709,0.137525568555767,NA,NA,NA,NA,NA,NA,NA,NA,NA,0.193290654218559,-0.0142979773873148,-0.0507035060247236,0.151024298627681,-0.0586119843772797,-0.0955144157027973,0.237453404129624,0.0290544169373499,-0.00632780592250132,0.665234842693203,0.0501353166715247,0.543513971691167,0.735526764752901,"d_9_24nov_3","lm_3"
"d_9_25nov_2_lm_0",47.979387313581,2.01347668724549,-95.958774627162,0.062557208880793,0.045999559783022,0.0799073175874171,NA,NA,NA,NA,NA,NA,NA,NA,NA,NA,NA,NA,NA,NA,NA,NA,NA,NA,0,0,0,0,"d_9_25nov_2","lm_0"
"d_9_25nov_2_lm_1",48.068548596186,3.72901221567079,-96.137097192372,0.0376652523306598,0.00533921424877215,0.0704617200340687,0.000385849304485958,-5.87377095072725e-05,0.00082750016595549,NA,NA,NA,NA,NA,NA,NA,NA,NA,NA,NA,NA,NA,NA,NA,0.123820997069017,0.0915859418978292,0.000979529648928193,0.329903368172218,"d_9_25nov_2","lm_1"
"d_9_25nov_2_lm_2",47.1246075074532,4.71759672637358,-94.2492150149064,0.0623616990116441,0.0450109583687222,0.0791091106682807,NA,NA,NA,0.0839116861531787,-0.0245037188426777,-0.00677132729123083,-0.116173033396328,0.174131704448772,0.064795749984389,NA,NA,NA,NA,NA,NA,NA,NA,NA,0.155057534580452,0.0913261518515782,0.0105517767521101,0.34893411519953,"d_9_25nov_2","lm_2"
"d_9_25nov_2_lm_3",47.8335195661748,5.16623323585408,-95.6670391323495,0.0624779841021309,0.0457871796513639,0.0790713769117706,NA,NA,NA,NA,NA,NA,NA,NA,NA,0.0837269691445952,-0.0256697936555895,0.0779279288958586,-0.00734564847286729,-0.115569428919147,-0.0133361203170936,0.172950200680779,0.0626160960682929,0.169282873452744,0.249880810995755,0.103733091553163,0.0487372817600031,0.442017983369656,"d_9_25nov_2","lm_3"
"d_9_25nov_3_lm_0",25.5152123827394,3.39740881421245,-51.0304247654788,0.131105525298245,0.0949434878128407,0.168357736574032,NA,NA,NA,NA,NA,NA,NA,NA,NA,NA,NA,NA,NA,NA,NA,NA,NA,NA,0,0,0,0,"d_9_25nov_3","lm_0"
"d_9_25nov_3_lm_1",30.1340218417158,4.05561003974558,-60.2680436834316,0.0369876031020924,-0.0248493128480136,0.101730990126618,0.00146054210013557,0.000568793252652056,0.00233628267924092,NA,NA,NA,NA,NA,NA,NA,NA,NA,NA,NA,NA,NA,NA,NA,0.293698258159174,0.11261548281703,0.0534382979417014,0.489340384695381,"d_9_25nov_3","lm_1"
"d_9_25nov_3_lm_2",29.4265518148997,4.36146374306481,-58.8531036297994,0.130894348230556,0.0992218921220486,0.161459053177047,NA,NA,NA,0.29262222368882,0.0161216325031502,0.11444495339864,-0.153933813768676,0.470833346283231,0.186238274894023,NA,NA,NA,NA,NA,NA,NA,NA,NA,0.302247140116866,0.111213597410557,0.0713323090919389,0.490030299416691,"d_9_25nov_3","lm_2"
"d_9_25nov_3_lm_3",28.9657873548423,5.26976266893726,-57.9315747096847,0.131178593197078,0.0996225413292897,0.161797170486057,NA,NA,NA,NA,NA,NA,NA,NA,NA,0.294405799121551,0.0151146579156949,-0.0917406839966904,0.118346233151951,-0.1574972734871,-0.261471810184677,0.467294949642269,0.199158878384816,0.0755689170392434,0.338822205399662,0.104846984272731,0.110355805752203,0.512212214113483,"d_9_25nov_3","lm_3"
"d_9_26nov_2_lm_0",33.1218089783022,3.96776617918885,-66.2436179566044,0.112754583783987,0.0846433976314864,0.139824411247581,NA,NA,NA,NA,NA,NA,NA,NA,NA,NA,NA,NA,NA,NA,NA,NA,NA,NA,0,0,0,0,"d_9_26nov_2","lm_0"
"d_9_26nov_2_lm_1",34.6271626723003,4.54839555863416,-69.2543253446007,0.0551306978510209,-0.00648804789812724,0.115512055522707,0.000915196035933469,4.4060711815674e-05,0.00176191519462277,NA,NA,NA,NA,NA,NA,NA,NA,NA,NA,NA,NA,NA,NA,NA,0.155329843963399,0.0992642701753545,0.00196186913236897,0.357461341403851,"d_9_26nov_2","lm_1"
"d_9_26nov_2_lm_2",35.1777578011532,4.88535833957642,-70.3555156023064,0.112689763601768,0.0864614576190906,0.139125269433773,NA,NA,NA,0.158417383403573,-0.108944579402069,0.0113115514444564,-0.257726898275149,0.302033791846419,0.0331924554321547,NA,NA,NA,NA,NA,NA,NA,NA,NA,0.230454115255683,0.107683236701707,0.0293267155674867,0.42802204254164,"d_9_26nov_2","lm_2"
"d_9_26nov_2_lm_3",41.3273791807736,5.67925359896333,-82.6547583615473,0.1127969867469,0.0918634928925691,0.133199591580254,NA,NA,NA,NA,NA,NA,NA,NA,NA,0.157845293719679,-0.107953011893109,-0.222833214401451,0.0437390408151142,-0.224879688181427,-0.339151284498203,0.273506753459182,0.00591429995210497,-0.104666294757701,0.489504410150982,0.0936715577440924,0.268522213451443,0.625225694642073,"d_9_26nov_2","lm_3"
"d_9_26nov_3_lm_0",74.7484690409809,2.13295613960372,-149.496938081962,0.109976127065945,0.101387513605003,0.11896637238682,NA,NA,NA,NA,NA,NA,NA,NA,NA,NA,NA,NA,NA,NA,NA,NA,NA,NA,0,0,0,0,"d_9_26nov_3","lm_0"
"d_9_26nov_3_lm_1",82.542746420093,2.78541744735026,-165.085492840186,0.0765177164694379,0.0604785966496534,0.0929268774157046,0.000509044526473537,0.000283010571388016,0.000735901358072825,NA,NA,NA,NA,NA,NA,NA,NA,NA,NA,NA,NA,NA,NA,NA,0.394483024912892,0.103156752711347,0.157719465326194,0.559117821517201,"d_9_26nov_3","lm_1"
"d_9_26nov_3_lm_2",84.9523209906174,4.24342483703063,-169.904641981235,0.109881999370733,0.103841655000817,0.115978263834982,NA,NA,NA,0.0858813187509994,0.0477496759333796,0.0503046192026195,0.0119508972557155,0.121735792654181,0.082056794798688,NA,NA,NA,NA,NA,NA,NA,NA,NA,0.516391817227597,0.091497302507306,0.289702137408677,0.647540923681334,"d_9_26nov_3","lm_2"
"d_9_26nov_3_lm_3",84.9712831361508,4.69174442777392,-169.942566272302,0.109945446364202,0.103767307402293,0.116161167959126,NA,NA,NA,NA,NA,NA,NA,NA,NA,0.086282354683998,0.0475230256766525,0.0208469691546459,0.0541159826235682,0.0128435305001454,-0.0138941242251319,0.119516536970483,0.0820355927572221,0.0544461012564409,0.541740816006532,0.0797469394296873,0.352741956053981,0.656662590750098,"d_9_26nov_3","lm_3"
